ExperimentType,VariedParam,VariedValue,b,theta,delta,gamma,MeanAlpha_s0,MeanAlpha_s1,PercentDiff
bLoop,b,5,5,1.68253,0.940568,1.24105,2.23844,2.4093,7.63321
bLoop,b,8,8,1.68253,0.940568,1.24105,2.23874,2.38433,6.50336
bLoop,b,11,11,1.68253,0.940568,1.24105,2.24429,2.34724,4.58741
bLoop,b,14,14,1.68253,0.940568,1.24105,2.24157,2.33778,4.29216
bLoop,b,17,17,1.68253,0.940568,1.24105,2.25099,2.33188,3.59355
bLoop,b,20,20,1.68253,0.940568,1.24105,2.24457,2.32371,3.52595
bLoop,b,5,5,1.21006,0.321742,1.40173,2.39289,2.46054,2.82702
bLoop,b,8,8,1.21006,0.321742,1.40173,2.40111,2.44347,1.76441
bLoop,b,11,11,1.21006,0.321742,1.40173,2.4031,2.43647,1.38852
bLoop,b,14,14,1.21006,0.321742,1.40173,2.4052,2.43556,1.26246
bLoop,b,17,17,1.21006,0.321742,1.40173,2.40816,2.43083,0.941286
bLoop,b,20,20,1.21006,0.321742,1.40173,2.40385,2.42272,0.785039
bLoop,b,5,5,1.34009,0.960049,2.2262,3.22693,3.32188,2.94236
bLoop,b,8,8,1.34009,0.960049,2.2262,3.23032,3.32364,2.88895
bLoop,b,11,11,1.34009,0.960049,2.2262,3.23423,3.32057,2.66961
bLoop,b,14,14,1.34009,0.960049,2.2262,3.23131,3.31413,2.56283
bLoop,b,17,17,1.34009,0.960049,2.2262,3.23192,3.30804,2.3551
bLoop,b,5,5,1.2389,0.307687,1.17129,2.17101,2.25933,4.068
bLoop,b,20,20,1.34009,0.960049,2.2262,3.2258,3.30572,2.47753
bLoop,b,8,8,1.2389,0.307687,1.17129,2.168,2.22538,2.64657
bLoop,b,11,11,1.2389,0.307687,1.17129,2.17585,2.2105,1.59282
bLoop,b,14,14,1.2389,0.307687,1.17129,2.17273,2.20341,1.41189
bLoop,b,17,17,1.2389,0.307687,1.17129,2.168,2.20616,1.76012
bLoop,b,5,5,0.956349,0.779666,0.948257,1.94698,2.10412,8.0713
bLoop,b,5,5,0.554039,0.851909,2.46537,0,0,0
bLoop,b,20,20,1.2389,0.307687,1.17129,2.17784,2.19657,0.860193
bLoop,b,8,8,0.956349,0.779666,0.948257,1.94869,2.10947,8.25053
bLoop,b,8,8,0.554039,0.851909,2.46537,0,0,0
bLoop,b,11,11,0.956349,0.779666,0.948257,1.95597,2.09831,7.2777
bLoop,b,5,5,1.17902,0.342889,0.785706,1.78927,1.91495,7.02399
bLoop,b,14,14,0.956349,0.779666,0.948257,1.94915,2.08925,7.18792
bLoop,b,11,11,0.554039,0.851909,2.46537,3.46479,0,-100
bLoop,b,17,17,0.956349,0.779666,0.948257,1.9519,2.09453,7.30719
bLoop,b,8,8,1.17902,0.342889,0.785706,1.79307,1.86687,4.11593
bLoop,b,14,14,0.554039,0.851909,2.46537,3.46202,0,-100
bLoop,b,20,20,0.956349,0.779666,0.948257,1.9434,2.08386,7.22748
bLoop,b,5,5,0.810668,0.292947,1.96887,2.97293,3.0078,1.17292
bLoop,b,5,5,0.585861,0.849909,2.38995,0,0,0
bLoop,b,11,11,1.17902,0.342889,0.785706,1.79077,1.85962,3.84471
bLoop,b,8,8,0.810668,0.292947,1.96887,2.96883,2.9973,0.959073
bLoop,b,14,14,1.17902,0.342889,0.785706,1.7932,1.84427,2.84778
bLoop,b,5,5,0.760608,0.801311,1.50412,2.50479,2.62327,4.73001
bLoop,b,17,17,0.554039,0.851909,2.46537,3.4667,3.59895,3.81485
bLoop,b,8,8,0.585861,0.849909,2.38995,3.39337,3.46386,2.07706
bLoop,b,11,11,0.810668,0.292947,1.96887,2.96562,3.00162,1.21377
bLoop,b,20,20,0.554039,0.851909,2.46537,3.46676,3.61578,4.29835
bLoop,b,5,5,0.521628,0.647056,1.20687,2.20528,2.33789,6.01311
bLoop,b,14,14,0.810668,0.292947,1.96887,2.95921,2.9975,1.29413
bLoop,b,17,17,1.17902,0.342889,0.785706,1.78288,1.83391,2.86224
bLoop,b,8,8,0.760608,0.801311,1.50412,2.50888,2.65232,5.71715
bLoop,b,11,11,0.585861,0.849909,2.38995,3.39092,3.51835,3.75782
bLoop,b,5,5,0.597232,0.418748,1.09284,2.09105,2.17737,4.12822
bLoop,b,20,20,1.17902,0.342889,0.785706,1.78809,1.84203,3.0164
bLoop,b,14,14,0.585861,0.849909,2.38995,3.38179,3.53029,4.39118
bLoop,b,17,17,0.810668,0.292947,1.96887,2.97823,2.99858,0.683481
bLoop,b,8,8,0.521628,0.647056,1.20687,2.20213,2.35352,6.87455
bLoop,b,5,5,1.90809,0.866094,0.837288,1.83776,2.0855,13.4806
bLoop,b,11,11,0.760608,0.801311,1.50412,2.49969,2.65399,6.1729
bLoop,b,20,20,0.810668,0.292947,1.96887,2.9601,2.98106,0.708121
bLoop,b,8,8,0.597232,0.418748,1.09284,2.09677,2.19253,4.56698
bLoop,b,14,14,0.760608,0.801311,1.50412,2.50808,2.65853,5.99852
bLoop,b,17,17,0.585861,0.849909,2.38995,3.38351,3.54502,4.77338
bLoop,b,11,11,0.521628,0.647056,1.20687,2.20755,2.36316,7.04863
bLoop,b,5,5,1.74412,0.615324,2.43438,3.43632,3.51122,2.17962
bLoop,b,20,20,0.585861,0.849909,2.38995,3.3968,3.55366,4.61763
bLoop,b,8,8,1.90809,0.866094,0.837288,1.84202,2.00042,8.59916
bLoop,b,14,14,0.521628,0.647056,1.20687,2.21344,2.36843,7.00248
bLoop,b,11,11,0.597232,0.418748,1.09284,2.09626,2.19469,4.69556
bLoop,b,5,5,1.05926,0.339418,1.74526,2.75009,2.79176,1.51517
bLoop,b,17,17,0.760608,0.801311,1.50412,2.50097,2.65893,6.31604
bLoop,b,8,8,1.74412,0.615324,2.43438,3.42901,3.48429,1.61227
bLoop,b,14,14,0.597232,0.418748,1.09284,2.09491,2.18342,4.225
bLoop,b,11,11,1.90809,0.866094,0.837288,1.84454,1.95469,5.97209
bLoop,b,20,20,0.760608,0.801311,1.50412,2.49523,2.65574,6.43272
bLoop,b,5,5,1.5522,0.885977,2.1666,3.15853,3.26551,3.38683
bLoop,b,17,17,0.521628,0.647056,1.20687,2.21518,2.37896,7.39349
bLoop,b,8,8,1.05926,0.339418,1.74526,2.74419,2.7827,1.40309
bLoop,b,14,14,1.90809,0.866094,0.837288,1.82963,1.93403,5.70567
bLoop,b,5,5,1.78098,0.768382,0.895247,1.89414,2.11137,11.4688
bLoop,b,11,11,1.74412,0.615324,2.43438,3.43826,3.46701,0.836057
bLoop,b,20,20,0.521628,0.647056,1.20687,2.20672,2.37584,7.66342
bLoop,b,17,17,0.597232,0.418748,1.09284,2.09379,2.18018,4.12615
bLoop,b,8,8,1.5522,0.885977,2.1666,3.16608,3.24683,2.5504
bLoop,b,5,5,0.925601,0.726452,1.96811,2.96632,3.06673,3.38496
bLoop,b,14,14,1.74412,0.615324,2.43438,3.42593,3.45873,0.957451
bLoop,b,11,11,1.05926,0.339418,1.74526,2.74873,2.78365,1.27033
bLoop,b,20,20,0.597232,0.418748,1.09284,2.10033,2.18231,3.90331
bLoop,b,17,17,1.90809,0.866094,0.837288,1.84055,1.93001,4.86042
bLoop,b,5,5,0.744063,0.451361,2.29226,3.29735,3.34396,1.41366
bLoop,b,8,8,1.78098,0.768382,0.895247,1.90049,2.03802,7.23681
bLoop,b,14,14,1.05926,0.339418,1.74526,2.741,2.77291,1.16414
bLoop,b,11,11,1.5522,0.885977,2.1666,3.1635,3.24849,2.68663
bLoop,b,5,5,0.902083,0.622329,1.8053,2.81779,2.89167,2.62193
bLoop,b,20,20,1.90809,0.866094,0.837288,1.84106,1.91799,4.17889
bLoop,b,8,8,0.925601,0.726452,1.96811,2.97328,3.0581,2.85277
bLoop,b,17,17,1.74412,0.615324,2.43438,3.42624,3.45336,0.791418
bLoop,b,14,14,1.5522,0.885977,2.1666,3.16599,3.23638,2.22342
bLoop,b,11,11,1.78098,0.768382,0.895247,1.8979,2.0065,5.72189
bLoop,b,5,5,1.54059,0.658585,0.677615,1.6814,1.90105,13.0638
bLoop,b,8,8,0.744063,0.451361,2.29226,3.29785,3.34397,1.39867
bLoop,b,17,17,1.05926,0.339418,1.74526,2.74683,2.76675,0.725125
bLoop,b,20,20,1.74412,0.615324,2.43438,3.44008,3.44625,0.179353
bLoop,b,14,14,1.78098,0.768382,0.895247,1.8941,1.98889,5.00465
bLoop,b,11,11,0.925601,0.726452,1.96811,2.97516,3.05701,2.75132
bLoop,b,5,5,1.37805,0.60342,2.03653,3.04023,3.12193,2.68745
bLoop,b,8,8,0.902083,0.622329,1.8053,2.80694,2.89415,3.10665
bLoop,b,20,20,1.05926,0.339418,1.74526,2.74858,2.76362,0.547243
bLoop,b,17,17,1.5522,0.885977,2.1666,3.16432,3.23172,2.12998
bLoop,b,5,5,0.788708,0.933963,1.09487,2.10073,2.24913,7.06432
bLoop,b,11,11,0.744063,0.451361,2.29226,3.28878,3.34504,1.71073
bLoop,b,14,14,0.925601,0.726452,1.96811,2.97278,3.05484,2.7604
bLoop,b,8,8,1.54059,0.658585,0.677615,1.67792,1.82316,8.6557
bLoop,b,5,5,0.555637,0.287043,0.737966,1.74378,1.82171,4.46892
bLoop,b,17,17,1.78098,0.768382,0.895247,1.89374,1.97802,4.45036
bLoop,b,20,20,1.5522,0.885977,2.1666,3.1607,3.22981,2.18654
bLoop,b,11,11,0.902083,0.622329,1.8053,2.81265,2.89537,2.94091
bLoop,b,14,14,0.744063,0.451361,2.29226,3.28907,3.34022,1.55526
bLoop,b,5,5,1.0297,0.568482,1.6649,2.67283,2.75229,2.97308
bLoop,b,8,8,1.37805,0.60342,2.03653,3.04341,3.103,1.95814
bLoop,b,11,11,1.54059,0.658585,0.677615,1.68599,1.79277,6.33374
bLoop,b,17,17,0.925601,0.726452,1.96811,2.97681,3.05718,2.6996
bLoop,b,20,20,1.78098,0.768382,0.895247,1.9009,1.97089,3.68234
bLoop,b,5,5,0.973233,0.421917,0.75997,1.75326,1.8897,7.78243
bLoop,b,14,14,0.902083,0.622329,1.8053,2.79989,2.87104,2.54144
bLoop,b,8,8,0.788708,0.933963,1.09487,2.09752,2.26769,8.11317
bLoop,b,8,8,0.555637,0.287043,0.737966,1.73139,1.82005,5.12083
bLoop,b,5,5,1.92963,0.254998,1.70639,2.70068,2.77665,2.81308
bLoop,b,11,11,1.37805,0.60342,2.03653,3.03092,3.09295,2.04671
bLoop,b,14,14,1.54059,0.658585,0.677615,1.67962,1.76876,5.30724
bLoop,b,17,17,0.744063,0.451361,2.29226,3.29378,3.34093,1.43141
bLoop,b,20,20,0.925601,0.726452,1.96811,2.9708,3.05863,2.95663
bLoop,b,8,8,1.0297,0.568482,1.6649,2.66686,2.73769,2.65605
bLoop,b,5,5,1.43433,0.67143,0.985643,1.98223,2.15473,8.7026
bLoop,b,11,11,0.788708,0.933963,1.09487,2.09652,2.28684,9.07804
bLoop,b,14,14,1.37805,0.60342,2.03653,3.03624,3.08678,1.6646
bLoop,b,17,17,0.902083,0.622329,1.8053,2.80353,2.88087,2.75887
bLoop,b,8,8,0.973233,0.421917,0.75997,1.75694,1.85179,5.39888
bLoop,b,5,5,1.49803,0.300584,1.74425,2.73946,2.81596,2.79272
bLoop,b,20,20,0.744063,0.451361,2.29226,3.28682,3.33652,1.51198
bLoop,b,11,11,0.555637,0.287043,0.737966,1.72715,1.80416,4.45853
bLoop,b,14,14,0.788708,0.933963,1.09487,2.08869,2.29417,9.83766
bLoop,b,17,17,1.54059,0.658585,0.677615,1.68684,1.76863,4.84877
bLoop,b,8,8,1.92963,0.254998,1.70639,2.71904,2.75001,1.1388
bLoop,b,5,5,1.03443,0.712611,1.03181,2.0346,2.17054,6.68172
bLoop,b,11,11,1.0297,0.568482,1.6649,2.66071,2.73339,2.73184
bLoop,b,20,20,0.902083,0.622329,1.8053,2.81036,2.87771,2.39648
bLoop,b,14,14,0.555637,0.287043,0.737966,1.73712,1.81026,4.21048
bLoop,b,8,8,1.43433,0.67143,0.985643,1.97937,2.11567,6.88607
bLoop,b,17,17,1.37805,0.60342,2.03653,3.03289,3.08006,1.55499
bLoop,b,5,5,1.6838,0.982038,1.93071,2.92653,3.0427,3.96988
bLoop,b,11,11,0.973233,0.421917,0.75997,1.76765,1.85493,4.93766
bLoop,b,20,20,1.54059,0.658585,0.677615,1.68734,1.76374,4.5279
bLoop,b,14,14,1.0297,0.568482,1.6649,2.67127,2.731,2.23579
bLoop,b,5,5,0.79477,0.663087,1.11785,2.11538,2.25276,6.49413
bLoop,b,8,8,1.49803,0.300584,1.74425,2.74243,2.78589,1.5849
bLoop,b,11,11,1.92963,0.254998,1.70639,2.70412,2.73405,1.10664
bLoop,b,17,17,0.788708,0.933963,1.09487,2.0952,2.2943,9.5025
bLoop,b,14,14,0.973233,0.421917,0.75997,1.76848,1.83669,3.85675
bLoop,b,5,5,1.47283,0.340982,2.05991,3.06307,3.12367,1.97827
bLoop,b,20,20,1.37805,0.60342,2.03653,3.0401,3.07592,1.1784
bLoop,b,8,8,1.03443,0.712611,1.03181,2.0295,2.16589,6.72024
bLoop,b,11,11,1.43433,0.67143,0.985643,1.99813,2.08835,4.51519
bLoop,b,17,17,0.555637,0.287043,0.737966,1.74109,1.80408,3.61737
bLoop,b,5,5,0.502424,0.25433,1.53683,2.53197,2.58614,2.13925
bLoop,b,14,14,1.92963,0.254998,1.70639,2.70611,2.71538,0.34253
bLoop,b,8,8,1.6838,0.982038,1.93071,2.92886,3.03355,3.5745
bLoop,b,11,11,1.49803,0.300584,1.74425,2.75087,2.76367,0.465488
bLoop,b,20,20,0.788708,0.933963,1.09487,2.09537,2.29455,9.5058
bLoop,b,5,5,1.7146,0.264577,1.29712,2.30236,2.38472,3.57712
bLoop,b,17,17,1.0297,0.568482,1.6649,2.66271,2.73305,2.64139
bLoop,b,14,14,1.43433,0.67143,0.985643,1.98819,2.08596,4.91737
bLoop,b,8,8,0.79477,0.663087,1.11785,2.12133,2.25152,6.13697
bLoop,b,11,11,1.03443,0.712611,1.03181,2.0319,2.15242,5.93131
bLoop,b,5,5,1.27593,0.295289,1.91684,2.92144,2.96763,1.58093
bLoop,b,20,20,0.555637,0.287043,0.737966,1.74043,1.80916,3.94947
bLoop,b,17,17,0.973233,0.421917,0.75997,1.76833,1.84101,4.1103
bLoop,b,14,14,1.49803,0.300584,1.74425,2.75031,2.76024,0.361083
bLoop,b,8,8,1.47283,0.340982,2.05991,3.06336,3.11008,1.52507
bLoop,b,5,5,0.711313,0.550381,1.93056,2.93508,3.00197,2.27881
bLoop,b,11,11,1.6838,0.982038,1.93071,2.9372,3.00335,2.25187
bLoop,b,17,17,1.92963,0.254998,1.70639,2.70684,2.72758,0.766046
bLoop,b,20,20,1.0297,0.568482,1.6649,2.67384,2.71621,1.58493
bLoop,b,8,8,0.502424,0.25433,1.53683,2.54943,2.58097,1.23711
bLoop,b,5,5,0.745824,0.635275,0.941904,1.93838,2.07936,7.27289
bLoop,b,5,5,0.602976,0.933296,2.1029,0,0,0
bLoop,b,14,14,1.03443,0.712611,1.03181,2.03341,2.15279,5.87084
bLoop,b,11,11,0.79477,0.663087,1.11785,2.12728,2.24837,5.69229
bLoop,b,17,17,1.43433,0.67143,0.985643,1.99051,2.06827,3.90645
bLoop,b,8,8,1.7146,0.264577,1.29712,2.29652,2.34761,2.22489
bLoop,b,20,20,0.973233,0.421917,0.75997,1.76183,1.83491,4.14797
bLoop,b,5,5,1.32066,0.94883,1.70162,2.70855,2.82085,4.14621
bLoop,b,14,14,1.6838,0.982038,1.93071,2.93293,3.007,2.52544
bLoop,b,11,11,1.47283,0.340982,2.05991,3.05921,3.08517,0.848529
bLoop,b,8,8,1.27593,0.295289,1.91684,2.92024,2.952,1.08731
bLoop,b,20,20,1.92963,0.254998,1.70639,2.71499,2.71661,0.0596223
bLoop,b,17,17,1.49803,0.300584,1.74425,2.75505,2.76168,0.240953
bLoop,b,5,5,1.08624,0.40445,2.36436,3.37236,3.41572,1.28562
bLoop,b,11,11,0.502424,0.25433,1.53683,2.54163,2.57837,1.44541
bLoop,b,14,14,0.79477,0.663087,1.11785,2.11053,2.24683,6.45848
bLoop,b,5,5,1.3398,0.339042,0.784833,1.79309,1.92133,7.15174
bLoop,b,8,8,0.711313,0.550381,1.93056,2.93009,3.00704,2.62612
bLoop,b,20,20,1.43433,0.67143,0.985643,1.99058,2.06547,3.76252
bLoop,b,17,17,1.03443,0.712611,1.03181,2.02676,2.1529,6.22338
bLoop,b,11,11,1.7146,0.264577,1.29712,2.30515,2.32865,1.01929
bLoop,b,14,14,1.47283,0.340982,2.05991,3.04731,3.07612,0.945354
bLoop,b,8,8,0.745824,0.635275,0.941904,1.95084,2.0811,6.67714
bLoop,b,5,5,1.59747,0.765164,0.666225,1.66981,1.8948,13.474
bLoop,b,8,8,0.602976,0.933296,2.1029,3.10315,0,-100
bLoop,b,20,20,1.49803,0.300584,1.74425,2.74666,2.75756,0.396746
bLoop,b,11,11,1.27593,0.295289,1.91684,2.9117,2.94741,1.22619
bLoop,b,14,14,0.502424,0.25433,1.53683,2.54889,2.57676,1.0932
bLoop,b,17,17,1.6838,0.982038,1.93071,2.93531,3.00493,2.37183
bLoop,b,5,5,1.0983,0.85547,2.16727,3.17194,3.25386,2.58244
bLoop,b,8,8,1.32066,0.94883,1.70162,2.70469,2.81533,4.09098
bLoop,b,11,11,0.711313,0.550381,1.93056,2.93559,3.01981,2.86913
bLoop,b,14,14,1.7146,0.264577,1.29712,2.29981,2.31341,0.591538
bLoop,b,20,20,1.03443,0.712611,1.03181,2.03591,2.14648,5.43072
bLoop,b,5,5,1.79918,0.430336,1.55332,2.55562,2.67478,4.66284
bLoop,b,17,17,0.79477,0.663087,1.11785,2.1169,2.24039,5.83376
bLoop,b,8,8,1.08624,0.40445,2.36436,3.37364,3.41063,1.09645
bLoop,b,11,11,0.745824,0.635275,0.941904,1.94213,2.07367,6.77298
bLoop,b,14,14,1.27593,0.295289,1.91684,2.91184,2.93922,0.940406
bLoop,b,5,5,1.92567,0.389307,2.03219,3.04017,3.11983,2.62012
bLoop,b,17,17,1.47283,0.340982,2.05991,3.05778,3.06989,0.395868
bLoop,b,8,8,1.3398,0.339042,0.784833,1.78588,1.88183,5.37253
bLoop,b,20,20,1.6838,0.982038,1.93071,2.93135,3.00126,2.38484
bLoop,b,11,11,0.602976,0.933296,2.1029,3.10417,3.21133,3.45241
bLoop,b,14,14,0.711313,0.550381,1.93056,2.93212,3.01465,2.81458
bLoop,b,5,5,1.93593,0.740945,1.12399,2.12313,2.32832,9.66464
bLoop,b,17,17,0.502424,0.25433,1.53683,2.56193,2.57215,0.398941
bLoop,b,8,8,1.59747,0.765164,0.666225,1.66781,1.82495,9.42183
bLoop,b,11,11,1.32066,0.94883,1.70162,2.70378,2.8146,4.09875
bLoop,b,20,20,0.79477,0.663087,1.11785,2.12284,2.23088,5.0896
bLoop,b,14,14,0.745824,0.635275,0.941904,1.94816,2.07739,6.6335
bLoop,b,5,5,1.95115,0.36311,2.10688,3.10945,3.17507,2.11021
bLoop,b,17,17,1.7146,0.264577,1.29712,2.29408,2.31082,0.729628
bLoop,b,8,8,1.0983,0.85547,2.16727,3.16986,3.26809,3.09871
bLoop,b,11,11,1.08624,0.40445,2.36436,3.37098,3.37825,0.215867
bLoop,b,20,20,1.47283,0.340982,2.05991,3.05731,3.06607,0.286515
bLoop,b,14,14,0.602976,0.933296,2.1029,3.09243,3.2537,5.21513
bLoop,b,5,5,1.8241,0.637493,1.47393,2.47199,2.61821,5.91507
bLoop,b,17,17,1.27593,0.295289,1.91684,2.9107,2.92939,0.642071
bLoop,b,8,8,1.79918,0.430336,1.55332,2.55493,2.62655,2.80331
bLoop,b,11,11,1.3398,0.339042,0.784833,1.78778,1.84911,3.43027
bLoop,b,20,20,0.502424,0.25433,1.53683,2.5386,2.56522,1.04843
bLoop,b,14,14,1.32066,0.94883,1.70162,2.70955,2.80601,3.56009
bLoop,b,5,5,1.95932,0.864511,1.36117,2.35816,2.52345,7.00963
bLoop,b,17,17,0.711313,0.550381,1.93056,2.93494,3.00295,2.31733
bLoop,b,8,8,1.92567,0.389307,2.03219,3.03153,3.08849,1.87886
bLoop,b,11,11,1.59747,0.765164,0.666225,1.66674,1.7933,7.59298
bLoop,b,20,20,1.7146,0.264577,1.29712,2.30705,2.31386,0.295111
bLoop,b,14,14,1.08624,0.40445,2.36436,3.35896,3.38062,0.644875
bLoop,b,8,8,1.93593,0.740945,1.12399,2.12883,2.25749,6.04338
bLoop,b,11,11,1.0983,0.85547,2.16727,3.17226,3.25086,2.47782
bLoop,b,17,17,0.745824,0.635275,0.941904,1.94697,2.07829,6.74454
bLoop,b,20,20,1.27593,0.295289,1.91684,2.92577,2.92098,-0.163652
bLoop,b,14,14,1.3398,0.339042,0.784833,1.77814,1.83544,3.22252
bLoop,b,11,11,1.79918,0.430336,1.55332,2.5576,2.59555,1.48365
bLoop,b,8,8,1.95115,0.36311,2.10688,3.1032,3.14625,1.38717
bLoop,b,17,17,0.602976,0.933296,2.1029,3.10196,3.27136,5.46107
bLoop,b,14,14,1.59747,0.765164,0.666225,1.67025,1.7686,5.88847
bLoop,b,20,20,0.711313,0.550381,1.93056,2.93202,2.99639,2.19534
bLoop,b,11,11,1.92567,0.389307,2.03219,3.03277,3.065,1.06272
bLoop,b,8,8,1.8241,0.637493,1.47393,2.47466,2.56397,3.60909
bLoop,b,17,17,1.32066,0.94883,1.70162,2.70055,2.80211,3.76076
bLoop,b,14,14,1.0983,0.85547,2.16727,3.16067,3.26764,3.38448
bLoop,b,20,20,0.745824,0.635275,0.941904,1.95036,2.07575,6.42923
bLoop,b,11,11,1.93593,0.740945,1.12399,2.12166,2.22512,4.87633
bLoop,b,8,8,1.95932,0.864511,1.36117,2.36187,2.47909,4.96301
bLoop,b,17,17,1.08624,0.40445,2.36436,3.36759,3.39539,0.825586
bLoop,b,14,14,1.79918,0.430336,1.55332,2.55308,2.58807,1.3706
bLoop,b,11,11,1.95115,0.36311,2.10688,3.10523,3.12877,0.75804
bLoop,b,20,20,0.602976,0.933296,2.1029,3.10195,3.29243,6.14049
bLoop,b,17,17,1.3398,0.339042,0.784833,1.78943,1.83617,2.61197
bLoop,b,14,14,1.92567,0.389307,2.03219,3.03264,3.05274,0.662849
bLoop,b,11,11,1.8241,0.637493,1.47393,2.47643,2.55005,2.97283
bLoop,b,17,17,1.59747,0.765164,0.666225,1.67315,1.76657,5.58344
bLoop,b,20,20,1.32066,0.94883,1.70162,2.70049,2.80001,3.68502
bLoop,b,14,14,1.93593,0.740945,1.12399,2.12526,2.2023,3.62507
bLoop,b,11,11,1.95932,0.864511,1.36117,2.3573,2.4373,3.39362
bLoop,b,20,20,1.08624,0.40445,2.36436,3.36623,3.35702,-0.273661
bLoop,b,17,17,1.0983,0.85547,2.16727,3.17169,3.25967,2.77398
bLoop,b,14,14,1.95115,0.36311,2.10688,3.1105,3.11189,0.0447362
bLoop,b,20,20,1.3398,0.339042,0.784833,1.79281,1.82604,1.85319
bLoop,b,17,17,1.79918,0.430336,1.55332,2.55404,2.58272,1.12313
bLoop,b,14,14,1.8241,0.637493,1.47393,2.47795,2.52065,1.72317
bLoop,b,20,20,1.59747,0.765164,0.666225,1.66289,1.75286,5.40997
bLoop,b,17,17,1.92567,0.389307,2.03219,3.03718,3.03034,-0.225426
bLoop,b,14,14,1.95932,0.864511,1.36117,2.35278,2.45017,4.13927
bLoop,b,17,17,1.93593,0.740945,1.12399,2.1264,2.20054,3.48657
bLoop,b,20,20,1.0983,0.85547,2.16727,3.16382,3.26747,3.27608
bLoop,b,17,17,1.95115,0.36311,2.10688,3.11392,3.11932,0.173539
bLoop,b,20,20,1.79918,0.430336,1.55332,2.54452,2.5627,0.714512
bLoop,b,17,17,1.8241,0.637493,1.47393,2.47503,2.52469,2.0063
bLoop,b,20,20,1.92567,0.389307,2.03219,3.02789,3.02745,-0.0146111
bLoop,b,17,17,1.95932,0.864511,1.36117,2.36899,2.43571,2.81656
bLoop,b,20,20,1.93593,0.740945,1.12399,2.12135,2.18106,2.81465
bLoop,b,20,20,1.95115,0.36311,2.10688,3.10488,3.11224,0.237054
bLoop,b,20,20,1.8241,0.637493,1.47393,2.46859,2.50022,1.28113
bLoop,b,20,20,1.95932,0.864511,1.36117,2.36549,2.41966,2.28971
thetaLoop,theta,0.5,9.40262,0.5,0.940568,1.24105,2.24501,0,-100
thetaLoop,theta,1,9.40262,1,0.940568,1.24105,2.24428,2.40368,7.10242
thetaLoop,theta,1.5,9.40262,1.5,0.940568,1.24105,2.23701,2.3689,5.89591
thetaLoop,theta,2,9.40262,2,0.940568,1.24105,2.24849,2.35731,4.83971
thetaLoop,theta,0.5,13.2171,0.5,0.321742,1.40173,2.39382,2.45584,2.59102
thetaLoop,theta,0.5,12.4191,0.5,0.960049,2.2262,0,0,0
thetaLoop,theta,1,13.2171,1,0.321742,1.40173,2.40166,2.43368,1.33309
thetaLoop,theta,0.5,6.11626,0.5,0.307687,1.17129,2.17023,2.23442,2.95763
thetaLoop,theta,1.5,13.2171,1.5,0.321742,1.40173,2.40868,2.43616,1.14057
thetaLoop,theta,2,13.2171,2,0.321742,1.40173,2.40638,2.42874,0.928897
thetaLoop,theta,1,12.4191,1,0.960049,2.2262,3.23341,3.35381,3.72343
thetaLoop,theta,0.5,14.23,0.5,0.779666,0.948257,1.94214,2.17261,11.8669
thetaLoop,theta,0.5,5.75942,0.5,0.851909,2.46537,0,0,0
thetaLoop,theta,1.5,12.4191,1.5,0.960049,2.2262,3.22728,3.30744,2.48373
thetaLoop,theta,2,12.4191,2,0.960049,2.2262,3.22565,3.29292,2.08534
thetaLoop,theta,1,6.11626,1,0.307687,1.17129,2.17794,2.23485,2.61291
thetaLoop,theta,1.5,6.11626,1.5,0.307687,1.17129,2.17116,2.25291,3.76548
thetaLoop,theta,0.5,17.7744,0.5,0.342889,0.785706,1.78063,1.87194,5.12819
thetaLoop,theta,2,6.11626,2,0.307687,1.17129,2.17724,2.28453,4.92775
thetaLoop,theta,1,14.23,1,0.779666,0.948257,1.96008,2.08108,6.17356
thetaLoop,theta,0.5,9.83745,0.5,0.292947,1.96887,2.96244,3.01833,1.88654
thetaLoop,theta,0.5,19.3235,0.5,0.849909,2.38995,0,0,0
thetaLoop,theta,1.5,14.23,1.5,0.779666,0.948257,1.9602,2.05341,4.7551
thetaLoop,theta,2,14.23,2,0.779666,0.948257,1.94824,2.03456,4.43104
thetaLoop,theta,0.5,13.1527,0.5,0.801311,1.50412,2.50475,2.6957,7.62325
thetaLoop,theta,1,5.75942,1,0.851909,2.46537,3.46837,3.54417,2.18546
thetaLoop,theta,1.5,5.75942,1.5,0.851909,2.46537,3.47051,3.55093,2.31724
thetaLoop,theta,2,5.75942,2,0.851909,2.46537,3.48135,3.55173,2.02165
thetaLoop,theta,1,17.7744,1,0.342889,0.785706,1.78462,1.83864,3.02716
thetaLoop,theta,1.5,17.7744,1.5,0.342889,0.785706,1.79454,1.83482,2.24466
thetaLoop,theta,0.5,19.4213,0.5,0.647056,1.20687,2.22108,2.37822,7.07507
thetaLoop,theta,2,17.7744,2,0.342889,0.785706,1.78444,1.83387,2.77003
thetaLoop,theta,1,9.83745,1,0.292947,1.96887,2.97512,2.98356,0.283563
thetaLoop,theta,0.5,7.42829,0.5,0.418748,1.09284,2.09223,2.1984,5.07458
thetaLoop,theta,1.5,9.83745,1.5,0.292947,1.96887,2.97087,2.99704,0.881109
thetaLoop,theta,0.5,5.71922,0.5,0.866094,0.837288,1.84861,1.98137,7.18128
thetaLoop,theta,2,9.83745,2,0.292947,1.96887,2.9743,2.98418,0.332205
thetaLoop,theta,1,19.3235,1,0.849909,2.38995,3.3839,3.47869,2.80138
thetaLoop,theta,1.5,19.3235,1.5,0.849909,2.38995,3.39111,3.43484,1.28956
thetaLoop,theta,0.5,15.809,0.5,0.615324,2.43438,3.44142,3.54031,2.87361
thetaLoop,theta,2,19.3235,2,0.849909,2.38995,3.40048,3.41847,0.529099
thetaLoop,theta,1,13.1527,1,0.801311,1.50412,2.49939,2.61811,4.74986
thetaLoop,theta,1.5,13.1527,1.5,0.801311,1.50412,2.50942,2.59546,3.4287
thetaLoop,theta,0.5,12.2306,0.5,0.339418,1.74526,2.73451,2.79033,2.04146
thetaLoop,theta,0.5,6.19595,0.5,0.885977,2.1666,0,0,0
thetaLoop,theta,2,13.1527,2,0.801311,1.50412,2.50498,2.57145,2.65366
thetaLoop,theta,0.5,11.1647,0.5,0.768382,0.895247,1.89856,2.11732,11.5225
thetaLoop,theta,1,19.4213,1,0.647056,1.20687,2.2051,2.30114,4.35528
thetaLoop,theta,1.5,19.4213,1.5,0.647056,1.20687,2.2017,2.27578,3.36451
thetaLoop,theta,2,19.4213,2,0.647056,1.20687,2.20313,2.25443,2.32875
thetaLoop,theta,0.5,9.13126,0.5,0.726452,1.96811,2.96412,3.10294,4.68324
thetaLoop,theta,1,7.42829,1,0.418748,1.09284,2.09597,2.18306,4.1552
thetaLoop,theta,1.5,7.42829,1.5,0.418748,1.09284,2.09652,2.17389,3.69055
thetaLoop,theta,2,7.42829,2,0.418748,1.09284,2.09973,2.21175,5.33493
thetaLoop,theta,1,5.71922,1,0.866094,0.837288,1.84028,2.01042,9.24546
thetaLoop,theta,0.5,12.5129,0.5,0.451361,2.29226,3.28835,3.36413,2.30445
thetaLoop,theta,1.5,5.71922,1.5,0.866094,0.837288,1.8388,2.01773,9.73102
thetaLoop,theta,2,5.71922,2,0.866094,0.837288,1.83304,2.07424,13.1586
thetaLoop,theta,0.5,8.22991,0.5,0.622329,1.8053,2.79906,2.9305,4.6959
thetaLoop,theta,1,15.809,1,0.615324,2.43438,3.43234,3.48891,1.64815
thetaLoop,theta,1.5,15.809,1.5,0.615324,2.43438,3.43836,3.46642,0.81615
thetaLoop,theta,0.5,7.87729,0.5,0.658585,0.677615,1.68339,1.88131,11.7567
thetaLoop,theta,2,15.809,2,0.615324,2.43438,3.43286,3.44902,0.470693
thetaLoop,theta,1,12.2306,1,0.339418,1.74526,2.75731,2.78594,1.03805
thetaLoop,theta,1.5,12.2306,1.5,0.339418,1.74526,2.74698,2.77145,0.890975
thetaLoop,theta,0.5,18.9315,0.5,0.60342,2.03653,3.0325,3.16258,4.28951
thetaLoop,theta,2,12.2306,2,0.339418,1.74526,2.74603,2.77779,1.15662
thetaLoop,theta,1,6.19595,1,0.885977,2.1666,3.16445,3.27023,3.34278
thetaLoop,theta,0.5,11.5661,0.5,0.933963,1.09487,2.09681,0,-100
thetaLoop,theta,1.5,6.19595,1.5,0.885977,2.1666,3.16011,3.25598,3.0338
thetaLoop,theta,1,11.1647,1,0.768382,0.895247,1.9003,2.04011,7.35704
thetaLoop,theta,0.5,10.8724,0.5,0.287043,0.737966,1.73414,1.82135,5.02924
thetaLoop,theta,2,6.19595,2,0.885977,2.1666,3.16991,3.26585,3.02681
thetaLoop,theta,1.5,11.1647,1.5,0.768382,0.895247,1.89451,2.01083,6.1398
thetaLoop,theta,0.5,5.40414,0.5,0.568482,1.6649,2.66448,2.77527,4.15801
thetaLoop,theta,1,9.13126,1,0.726452,1.96811,2.97238,3.05897,2.91324
thetaLoop,theta,2,11.1647,2,0.768382,0.895247,1.89221,2.00147,5.77425
thetaLoop,theta,0.5,5.11106,0.5,0.421917,0.75997,1.75405,1.87331,6.79928
thetaLoop,theta,1.5,9.13126,1.5,0.726452,1.96811,2.96661,3.03886,2.43536
thetaLoop,theta,1,12.5129,1,0.451361,2.29226,3.29622,3.33338,1.12728
thetaLoop,theta,0.5,15.1744,0.5,0.254998,1.70639,2.70322,2.73841,1.30178
thetaLoop,theta,2,9.13126,2,0.726452,1.96811,2.97125,3.02758,1.89576
thetaLoop,theta,1.5,12.5129,1.5,0.451361,2.29226,3.29275,3.31242,0.597342
thetaLoop,theta,1,8.22991,1,0.622329,1.8053,2.80641,2.89559,3.17762
thetaLoop,theta,0.5,7.81561,0.5,0.67143,0.985643,1.98735,2.15917,8.64562
thetaLoop,theta,2,12.5129,2,0.451361,2.29226,3.30376,3.30292,-0.0252199
thetaLoop,theta,1.5,8.22991,1.5,0.622329,1.8053,2.80607,2.87116,2.31933
thetaLoop,theta,0.5,9.93432,0.5,0.300584,1.74425,2.73513,2.79309,2.11917
thetaLoop,theta,1,7.87729,1,0.658585,0.677615,1.68022,1.82671,8.71874
thetaLoop,theta,1.5,7.87729,1.5,0.658585,0.677615,1.67502,1.82509,8.95955
thetaLoop,theta,2,8.22991,2,0.622329,1.8053,2.8159,2.87891,2.23769
thetaLoop,theta,0.5,18.0971,0.5,0.712611,1.03181,2.02922,2.22798,9.79455
thetaLoop,theta,0.5,9.76162,0.5,0.982038,1.93071,0,0,0
thetaLoop,theta,1,18.9315,1,0.60342,2.03653,3.05059,3.09052,1.30899
thetaLoop,theta,2,7.87729,2,0.658585,0.677615,1.68255,1.85693,10.3638
thetaLoop,theta,1.5,18.9315,1.5,0.60342,2.03653,3.03134,3.06604,1.14467
thetaLoop,theta,0.5,11.654,0.5,0.663087,1.11785,2.11577,2.29917,8.66837
thetaLoop,theta,1,11.5661,1,0.933963,1.09487,2.09586,2.26417,8.03029
thetaLoop,theta,1.5,11.5661,1.5,0.933963,1.09487,2.10117,2.21804,5.56213
thetaLoop,theta,0.5,6.68579,0.5,0.340982,2.05991,3.06007,3.11484,1.79
thetaLoop,theta,2,18.9315,2,0.60342,2.03653,3.04875,3.05418,0.178171
thetaLoop,theta,1,10.8724,1,0.287043,0.737966,1.7365,1.79267,3.23494
thetaLoop,theta,1.5,10.8724,1.5,0.287043,0.737966,1.74602,1.80065,3.12833
thetaLoop,theta,1,5.40414,1,0.568482,1.6649,2.66056,2.75888,3.69571
thetaLoop,theta,0.5,17.5419,0.5,0.25433,1.53683,2.54892,2.57394,0.981266
thetaLoop,theta,2,11.5661,2,0.933963,1.09487,2.09673,2.19985,4.91791
thetaLoop,theta,1,5.11106,1,0.421917,0.75997,1.75938,1.89279,7.58261
thetaLoop,theta,1.5,5.40414,1.5,0.568482,1.6649,2.66275,2.76402,3.80336
thetaLoop,theta,0.5,14.4814,0.5,0.264577,1.29712,2.29472,2.34102,2.0175
thetaLoop,theta,2,10.8724,2,0.287043,0.737966,1.73787,1.81516,4.44765
thetaLoop,theta,1.5,5.11106,1.5,0.421917,0.75997,1.76327,1.94857,10.5089
thetaLoop,theta,1,15.1744,1,0.254998,1.70639,2.70899,2.72637,0.641515
thetaLoop,theta,0.5,16.9792,0.5,0.295289,1.91684,2.90955,2.95277,1.48556
thetaLoop,theta,2,5.40414,2,0.568482,1.6649,2.66207,2.79072,4.83298
thetaLoop,theta,1,7.81561,1,0.67143,0.985643,1.98881,2.1103,6.10868
thetaLoop,theta,1.5,15.1744,1.5,0.254998,1.70639,2.71713,2.71412,-0.110979
thetaLoop,theta,0.5,12.8213,0.5,0.550381,1.93056,2.94471,3.03335,3.01023
thetaLoop,theta,2,5.11106,2,0.421917,0.75997,1.75469,2.00952,14.5231
thetaLoop,theta,1,9.93432,1,0.300584,1.74425,2.75362,2.76727,0.495423
thetaLoop,theta,1.5,7.81561,1.5,0.67143,0.985643,1.98492,2.12033,6.82208
thetaLoop,theta,0.5,12.4897,0.5,0.635275,0.941904,1.94085,2.11944,9.20167
thetaLoop,theta,0.5,10.5338,0.5,0.933296,2.1029,0,0,0
thetaLoop,theta,0.5,9.24653,0.5,0.94883,1.70162,0,0,0
thetaLoop,theta,2,15.1744,2,0.254998,1.70639,2.70763,2.70687,-0.0281228
thetaLoop,theta,1.5,9.93432,1.5,0.300584,1.74425,2.74634,2.77031,0.87299
thetaLoop,theta,1,18.0971,1,0.712611,1.03181,2.03958,2.14114,4.97969
thetaLoop,theta,0.5,15.22,0.5,0.40445,2.36436,3.36819,3.43414,1.95802
thetaLoop,theta,2,7.81561,2,0.67143,0.985643,1.99746,2.13291,6.78079
thetaLoop,theta,1.5,18.0971,1.5,0.712611,1.03181,2.03334,2.09728,3.14452
thetaLoop,theta,1,9.76162,1,0.982038,1.93071,2.93118,3.05645,4.27387
thetaLoop,theta,0.5,14.1952,0.5,0.339042,0.784833,1.78146,1.88622,5.88018
thetaLoop,theta,2,9.93432,2,0.300584,1.74425,2.76391,2.77728,0.483685
thetaLoop,theta,0.5,8.08298,0.5,0.765164,0.666225,1.66705,1.89307,13.5583
thetaLoop,theta,0.5,17.3946,0.5,0.85547,2.16727,0,0,0
thetaLoop,theta,1,11.654,1,0.663087,1.11785,2.1234,2.24018,5.49942
thetaLoop,theta,1.5,9.76162,1.5,0.982038,1.93071,2.92514,3.03453,3.73953
thetaLoop,theta,2,18.0971,2,0.712611,1.03181,2.04202,2.09211,2.45309
thetaLoop,theta,0.5,12.6843,0.5,0.430336,1.55332,2.54705,2.64077,3.67934
thetaLoop,theta,1,6.68579,1,0.340982,2.05991,3.06165,3.09669,1.14456
thetaLoop,theta,1.5,11.654,1.5,0.663087,1.11785,2.1197,2.21254,4.37946
thetaLoop,theta,2,9.76162,2,0.982038,1.93071,2.93126,3.01383,2.81669
thetaLoop,theta,0.5,6.32122,0.5,0.389307,2.03219,3.03575,3.09518,1.95769
thetaLoop,theta,1,17.5419,1,0.25433,1.53683,2.53285,2.55365,0.821516
thetaLoop,theta,1.5,6.68579,1.5,0.340982,2.05991,3.05753,3.10534,1.56363
thetaLoop,theta,2,11.654,2,0.663087,1.11785,2.11597,2.20259,4.09401
thetaLoop,theta,1,14.4814,1,0.264577,1.29712,2.29655,2.32813,1.37518
thetaLoop,theta,0.5,18.9662,0.5,0.740945,1.12399,2.12878,2.34481,10.1478
thetaLoop,theta,1.5,17.5419,1.5,0.25433,1.53683,2.54506,2.55119,0.240713
thetaLoop,theta,1,16.9792,1,0.295289,1.91684,2.92188,2.92861,0.230216
thetaLoop,theta,2,6.68579,2,0.340982,2.05991,3.05647,3.11941,2.05928
thetaLoop,theta,0.5,9.62108,0.5,0.36311,2.10688,3.11422,3.1613,1.5119
thetaLoop,theta,1.5,14.4814,1.5,0.264577,1.29712,2.30102,2.32388,0.993698
thetaLoop,theta,0.5,5.20184,0.5,0.637493,1.47393,2.47503,2.59237,4.74079
thetaLoop,theta,2,17.5419,2,0.25433,1.53683,2.5448,2.54425,-0.0213939
thetaLoop,theta,1,12.8213,1,0.550381,1.93056,2.93294,2.98796,1.87611
thetaLoop,theta,0.5,9.14127,0.5,0.864511,1.36117,2.36223,0,-100
thetaLoop,theta,1.5,16.9792,1.5,0.295289,1.91684,2.92251,2.91908,-0.117271
thetaLoop,theta,2,14.4814,2,0.264577,1.29712,2.30451,2.32546,0.909103
thetaLoop,theta,1,12.4897,1,0.635275,0.941904,1.93607,2.05398,6.09007
thetaLoop,theta,1.5,12.8213,1.5,0.550381,1.93056,2.93131,2.96142,1.02735
thetaLoop,theta,2,16.9792,2,0.295289,1.91684,2.91921,2.91361,-0.191774
thetaLoop,theta,1,10.5338,1,0.933296,2.1029,3.10484,3.22478,3.8629
thetaLoop,theta,1.5,12.4897,1.5,0.635275,0.941904,1.94535,2.04095,4.91467
thetaLoop,theta,1,9.24653,1,0.94883,1.70162,2.70318,2.84495,5.24458
thetaLoop,theta,2,12.8213,2,0.550381,1.93056,2.93269,2.9513,0.634476
thetaLoop,theta,1.5,10.5338,1.5,0.933296,2.1029,3.10382,3.19392,2.90261
thetaLoop,theta,1,15.22,1,0.40445,2.36436,3.3645,3.3797,0.451734
thetaLoop,theta,2,12.4897,2,0.635275,0.941904,1.93903,2.02492,4.42924
thetaLoop,theta,1.5,9.24653,1.5,0.94883,1.70162,2.70015,2.81578,4.2825
thetaLoop,theta,1,14.1952,1,0.339042,0.784833,1.7844,1.84368,3.32225
thetaLoop,theta,2,10.5338,2,0.933296,2.1029,3.10489,3.1742,2.2322
thetaLoop,theta,1.5,15.22,1.5,0.40445,2.36436,3.37029,3.38309,0.379914
thetaLoop,theta,1,8.08298,1,0.765164,0.666225,1.66727,1.83503,10.0625
thetaLoop,theta,2,9.24653,2,0.94883,1.70162,2.69338,2.78645,3.45558
thetaLoop,theta,1.5,14.1952,1.5,0.339042,0.784833,1.78898,1.83026,2.3077
thetaLoop,theta,1,17.3946,1,0.85547,2.16727,3.17819,3.26953,2.87413
thetaLoop,theta,1.5,8.08298,1.5,0.765164,0.666225,1.66906,1.81998,9.042
thetaLoop,theta,2,15.22,2,0.40445,2.36436,3.37904,3.3696,-0.279363
thetaLoop,theta,1,12.6843,1,0.430336,1.55332,2.56071,2.60665,1.79405
thetaLoop,theta,2,14.1952,2,0.339042,0.784833,1.78069,1.8381,3.22375
thetaLoop,theta,1.5,17.3946,1.5,0.85547,2.16727,3.16774,3.21917,1.62338
thetaLoop,theta,1,6.32122,1,0.389307,2.03219,3.03184,3.08033,1.59912
thetaLoop,theta,2,8.08298,2,0.765164,0.666225,1.66663,1.84355,10.6155
thetaLoop,theta,1.5,12.6843,1.5,0.430336,1.55332,2.54714,2.59406,1.84219
thetaLoop,theta,1,18.9662,1,0.740945,1.12399,2.12217,2.23669,5.39644
thetaLoop,theta,1.5,6.32122,1.5,0.389307,2.03219,3.04125,3.08691,1.50135
thetaLoop,theta,2,17.3946,2,0.85547,2.16727,3.17587,3.20783,1.00639
thetaLoop,theta,1,9.62108,1,0.36311,2.10688,3.11389,3.13082,0.543729
thetaLoop,theta,2,12.6843,2,0.430336,1.55332,2.56271,2.59251,1.16299
thetaLoop,theta,1.5,18.9662,1.5,0.740945,1.12399,2.13055,2.20757,3.61482
thetaLoop,theta,1,5.20184,1,0.637493,1.47393,2.48238,2.57176,3.60064
thetaLoop,theta,2,6.32122,2,0.389307,2.03219,3.03578,3.09743,2.03091
thetaLoop,theta,1,9.14127,1,0.864511,1.36117,2.36517,2.50165,5.77022
thetaLoop,theta,1.5,9.62108,1.5,0.36311,2.10688,3.1087,3.14343,1.11726
thetaLoop,theta,1.5,5.20184,1.5,0.637493,1.47393,2.46728,2.59056,4.99672
thetaLoop,theta,2,18.9662,2,0.740945,1.12399,2.12543,2.17773,2.46026
thetaLoop,theta,1.5,9.14127,1.5,0.864511,1.36117,2.36359,2.47221,4.59554
thetaLoop,theta,2,9.62108,2,0.36311,2.10688,3.10669,3.13605,0.945016
thetaLoop,theta,2,5.20184,2,0.637493,1.47393,2.47902,2.63301,6.21187
thetaLoop,theta,2,9.14127,2,0.864511,1.36117,2.36323,2.46399,4.2637
gammaLoop,gamma,0.63,9.40262,1.68253,0.940568,0.63,1.62889,1.7776,9.12977
gammaLoop,gamma,1,9.40262,1.68253,0.940568,1,1.99921,2.13389,6.73691
gammaLoop,gamma,1.5,9.40262,1.68253,0.940568,1.5,2.49332,2.60832,4.61233
gammaLoop,gamma,2,9.40262,1.68253,0.940568,2,3.00014,3.09092,3.02562
gammaLoop,gamma,2.5,9.40262,1.68253,0.940568,2.5,3.50385,3.56889,1.85626
gammaLoop,gamma,0.63,13.2171,1.21006,0.321742,0.63,1.63235,1.69097,3.59074
gammaLoop,gamma,1,13.2171,1.21006,0.321742,1,1.99443,2.04283,2.42669
gammaLoop,gamma,1.5,13.2171,1.21006,0.321742,1.5,2.49252,2.5306,1.52762
gammaLoop,gamma,2,13.2171,1.21006,0.321742,2,2.99479,3.02496,1.00745
gammaLoop,gamma,2.5,13.2171,1.21006,0.321742,2.5,3.5019,3.51018,0.236502
gammaLoop,gamma,0.63,12.4191,1.34009,0.960049,0.63,1.63843,1.78824,9.14379
gammaLoop,gamma,1,12.4191,1.34009,0.960049,1,1.99975,2.14212,7.11901
gammaLoop,gamma,1.5,12.4191,1.34009,0.960049,1.5,2.50032,2.61256,4.48887
gammaLoop,gamma,2,12.4191,1.34009,0.960049,2,3.00337,3.09116,2.92316
gammaLoop,gamma,2.5,12.4191,1.34009,0.960049,2.5,3.50698,3.58279,2.1617
gammaLoop,gamma,0.63,6.11626,1.2389,0.307687,0.63,1.6319,1.75743,7.69194
gammaLoop,gamma,1,6.11626,1.2389,0.307687,1,2.00021,2.08038,4.00786
gammaLoop,gamma,1.5,6.11626,1.2389,0.307687,1.5,2.50083,2.56101,2.40636
gammaLoop,gamma,2,6.11626,1.2389,0.307687,2,2.99728,3.0463,1.63558
gammaLoop,gamma,2.5,6.11626,1.2389,0.307687,2.5,3.50872,3.53114,0.639012
gammaLoop,gamma,0.63,14.23,0.956349,0.779666,0.63,1.63564,1.79051,9.46872
gammaLoop,gamma,1,14.23,0.956349,0.779666,1,1.99975,2.14374,7.20053
gammaLoop,gamma,1.5,14.23,0.956349,0.779666,1.5,2.49242,2.60408,4.47974
gammaLoop,gamma,0.63,5.75942,0.554039,0.851909,0.63,1.62997,1.83613,12.6478
gammaLoop,gamma,2,14.23,0.956349,0.779666,2,2.99883,3.09822,3.31407
gammaLoop,gamma,2,5.75942,0.554039,0.851909,2,0,0,0
gammaLoop,gamma,1,5.75942,0.554039,0.851909,1,1.99385,2.16083,8.37461
gammaLoop,gamma,2.5,14.23,0.956349,0.779666,2.5,3.50381,3.56967,1.87959
gammaLoop,gamma,2.5,5.75942,0.554039,0.851909,2.5,0,0,0
gammaLoop,gamma,1.5,5.75942,0.554039,0.851909,1.5,2.50226,2.59637,3.76088
gammaLoop,gamma,0.63,17.7744,1.17902,0.342889,0.63,1.63908,1.68911,3.05197
gammaLoop,gamma,2,17.7744,1.17902,0.342889,2,3.00473,3.01197,0.240686
gammaLoop,gamma,1,17.7744,1.17902,0.342889,1,1.99772,2.03003,1.61758
gammaLoop,gamma,1.5,17.7744,1.17902,0.342889,1.5,2.50185,2.52604,0.967153
gammaLoop,gamma,2.5,17.7744,1.17902,0.342889,2.5,3.50401,3.50595,0.0556254
gammaLoop,gamma,0.63,9.83745,0.810668,0.292947,0.63,1.63131,1.70365,4.43402
gammaLoop,gamma,1,9.83745,0.810668,0.292947,1,2.01137,2.05879,2.35785
gammaLoop,gamma,2,9.83745,0.810668,0.292947,2,3.00622,3.03957,1.10947
gammaLoop,gamma,1.5,9.83745,0.810668,0.292947,1.5,2.50457,2.53313,1.14018
gammaLoop,gamma,2.5,9.83745,0.810668,0.292947,2.5,3.49637,3.52008,0.678151
gammaLoop,gamma,0.63,19.3235,0.585861,0.849909,0.63,1.63459,1.88921,15.5766
gammaLoop,gamma,1,19.3235,0.585861,0.849909,1,2.00909,2.22649,10.8212
gammaLoop,gamma,2,19.3235,0.585861,0.849909,2,2.99349,3.16899,5.86288
gammaLoop,gamma,1.5,19.3235,0.585861,0.849909,1.5,2.50598,2.69803,7.66389
gammaLoop,gamma,2.5,19.3235,0.585861,0.849909,2.5,3.50528,3.64978,4.1224
gammaLoop,gamma,0.63,13.1527,0.760608,0.801311,0.63,1.64042,1.82777,11.4209
gammaLoop,gamma,1,13.1527,0.760608,0.801311,1,1.99859,2.16394,8.27349
gammaLoop,gamma,2,13.1527,0.760608,0.801311,2,3.00361,3.13337,4.32031
gammaLoop,gamma,1.5,13.1527,0.760608,0.801311,1.5,2.4939,2.65453,6.44087
gammaLoop,gamma,2.5,13.1527,0.760608,0.801311,2.5,3.50893,3.61294,2.964
gammaLoop,gamma,0.63,19.4213,0.521628,0.647056,0.63,1.6256,1.83949,13.1571
gammaLoop,gamma,1,19.4213,0.521628,0.647056,1,1.99532,2.18307,9.40978
gammaLoop,gamma,2,19.4213,0.521628,0.647056,2,2.99278,3.13014,4.58948
gammaLoop,gamma,0.63,7.42829,0.597232,0.418748,0.63,1.63505,1.75431,7.2942
gammaLoop,gamma,1.5,19.4213,0.521628,0.647056,1.5,2.50037,2.65125,6.0342
gammaLoop,gamma,1,7.42829,0.597232,0.418748,1,2.00734,2.10329,4.77996
gammaLoop,gamma,2.5,19.4213,0.521628,0.647056,2.5,3.49911,3.62673,3.64724
gammaLoop,gamma,2,7.42829,0.597232,0.418748,2,3.00439,3.05407,1.65362
gammaLoop,gamma,1.5,7.42829,0.597232,0.418748,1.5,2.5051,2.57764,2.89546
gammaLoop,gamma,0.63,5.71922,1.90809,0.866094,0.63,1.64309,1.88523,14.7371
gammaLoop,gamma,2.5,7.42829,0.597232,0.418748,2.5,3.49744,3.55439,1.62848
gammaLoop,gamma,1,5.71922,1.90809,0.866094,1,2.00055,2.20106,10.0223
gammaLoop,gamma,2,5.71922,1.90809,0.866094,2,3.00098,3.11495,3.79773
gammaLoop,gamma,1.5,5.71922,1.90809,0.866094,1.5,2.50648,2.63562,5.15259
gammaLoop,gamma,0.63,15.809,1.74412,0.615324,0.63,1.62591,1.71257,5.3297
gammaLoop,gamma,1,15.809,1.74412,0.615324,1,1.9982,2.06537,3.36173
gammaLoop,gamma,2.5,5.71922,1.90809,0.866094,2.5,3.49961,3.58508,2.44215
gammaLoop,gamma,0.63,12.2306,1.05926,0.339418,0.63,1.63763,1.69412,3.44942
gammaLoop,gamma,1.5,15.809,1.74412,0.615324,1.5,2.50051,2.54535,1.7933
gammaLoop,gamma,2,15.809,1.74412,0.615324,2,2.99496,3.02711,1.07341
gammaLoop,gamma,1,12.2306,1.05926,0.339418,1,1.99658,2.05537,2.94455
gammaLoop,gamma,2.5,15.809,1.74412,0.615324,2.5,3.50214,3.52257,0.5834
gammaLoop,gamma,0.63,6.19595,1.5522,0.885977,0.63,1.63324,1.83408,12.297
gammaLoop,gamma,1.5,12.2306,1.05926,0.339418,1.5,2.50378,2.53433,1.21994
gammaLoop,gamma,2,12.2306,1.05926,0.339418,2,2.99906,3.02069,0.721419
gammaLoop,gamma,1,6.19595,1.5522,0.885977,1,2.00347,2.17208,8.41628
gammaLoop,gamma,2.5,12.2306,1.05926,0.339418,2.5,3.50855,3.51391,0.152944
gammaLoop,gamma,0.63,11.1647,1.78098,0.768382,0.63,1.63202,1.75029,7.24699
gammaLoop,gamma,1.5,6.19595,1.5522,0.885977,1.5,2.50396,2.62654,4.89529
gammaLoop,gamma,2,6.19595,1.5522,0.885977,2,2.99761,3.10854,3.7006
gammaLoop,gamma,1,11.1647,1.78098,0.768382,1,1.99296,2.11127,5.9367
gammaLoop,gamma,0.63,9.13126,0.925601,0.726452,0.63,1.62957,1.79587,10.2049
gammaLoop,gamma,2.5,6.19595,1.5522,0.885977,2.5,3.50744,3.57713,1.98697
gammaLoop,gamma,1.5,11.1647,1.78098,0.768382,1.5,2.49817,2.5729,2.99134
gammaLoop,gamma,1,9.13126,0.925601,0.726452,1,2.00268,2.13254,6.48399
gammaLoop,gamma,2,11.1647,1.78098,0.768382,2,2.99806,3.06455,2.21776
gammaLoop,gamma,0.63,12.5129,0.744063,0.451361,0.63,1.63567,1.74081,6.4283
gammaLoop,gamma,2.5,11.1647,1.78098,0.768382,2.5,3.50849,3.55,1.18296
gammaLoop,gamma,1.5,9.13126,0.925601,0.726452,1.5,2.50388,2.61335,4.37199
gammaLoop,gamma,1,12.5129,0.744063,0.451361,1,1.98967,2.08469,4.77565
gammaLoop,gamma,0.63,8.22991,0.902083,0.622329,0.63,1.63102,1.77548,8.85698
gammaLoop,gamma,2,9.13126,0.925601,0.726452,2,3.0022,3.09497,3.09009
gammaLoop,gamma,1,8.22991,0.902083,0.622329,1,1.99984,2.12857,6.43691
gammaLoop,gamma,1.5,12.5129,0.744063,0.451361,1.5,2.51499,2.55912,1.75489
gammaLoop,gamma,2.5,9.13126,0.925601,0.726452,2.5,3.50304,3.5924,2.55078
gammaLoop,gamma,0.63,7.87729,1.54059,0.658585,0.63,1.63152,1.78634,9.48954
gammaLoop,gamma,2,12.5129,0.744063,0.451361,2,3.00533,3.05006,1.48824
gammaLoop,gamma,1.5,8.22991,0.902083,0.622329,1.5,2.50251,2.60031,3.90798
gammaLoop,gamma,1,7.87729,1.54059,0.658585,1,2.00824,2.13315,6.21961
gammaLoop,gamma,2.5,12.5129,0.744063,0.451361,2.5,3.49788,3.55338,1.58652
gammaLoop,gamma,2,8.22991,0.902083,0.622329,2,3.0039,3.08043,2.54779
gammaLoop,gamma,0.63,18.9315,1.37805,0.60342,0.63,1.63937,1.71524,4.62819
gammaLoop,gamma,1.5,7.87729,1.54059,0.658585,1.5,2.49903,2.60066,4.06707
gammaLoop,gamma,1,18.9315,1.37805,0.60342,1,1.99977,2.07232,3.62778
gammaLoop,gamma,2.5,8.22991,0.902083,0.622329,2.5,3.50713,3.56957,1.7804
gammaLoop,gamma,2,7.87729,1.54059,0.658585,2,3.00982,3.06635,1.87826
gammaLoop,gamma,0.63,11.5661,0.788708,0.933963,0.63,1.63204,1.86037,13.9907
gammaLoop,gamma,1.5,18.9315,1.37805,0.60342,1.5,2.49877,2.55555,2.27241
gammaLoop,gamma,0.63,10.8724,0.555637,0.287043,0.63,1.62797,1.70171,4.52993
gammaLoop,gamma,1,11.5661,0.788708,0.933963,1,1.99813,2.19599,9.90205
gammaLoop,gamma,2.5,7.87729,1.54059,0.658585,2.5,3.49909,3.55115,1.48779
gammaLoop,gamma,2,18.9315,1.37805,0.60342,2,3.00298,3.03862,1.18659
gammaLoop,gamma,1,10.8724,0.555637,0.287043,1,2.00404,2.0582,2.70263
gammaLoop,gamma,0.63,5.40414,1.0297,0.568482,0.63,1.63103,1.78001,9.13432
gammaLoop,gamma,1.5,11.5661,0.788708,0.933963,1.5,2.49894,2.66816,6.77192
gammaLoop,gamma,2.5,18.9315,1.37805,0.60342,2.5,3.48862,3.52245,0.969631
gammaLoop,gamma,0.63,5.11106,0.973233,0.421917,0.63,1.63805,1.76264,7.60587
gammaLoop,gamma,2,11.5661,0.788708,0.933963,2,2.99926,3.15487,5.18851
gammaLoop,gamma,1,5.40414,1.0297,0.568482,1,2.00746,2.12702,5.95562
gammaLoop,gamma,1.5,10.8724,0.555637,0.287043,1.5,2.4956,2.55318,2.30725
gammaLoop,gamma,0.63,15.1744,1.92963,0.254998,0.63,1.62187,1.67232,3.11061
gammaLoop,gamma,1,5.11106,0.973233,0.421917,1,2.00291,2.11279,5.4865
gammaLoop,gamma,2,10.8724,0.555637,0.287043,2,3.00233,3.04227,1.33022
gammaLoop,gamma,2.5,11.5661,0.788708,0.933963,2.5,3.49759,3.6267,3.69121
gammaLoop,gamma,1.5,5.40414,1.0297,0.568482,1.5,2.50872,2.59186,3.31389
gammaLoop,gamma,1,15.1744,1.92963,0.254998,1,1.99706,2.0374,2.01956
gammaLoop,gamma,2,5.40414,1.0297,0.568482,2,2.99718,3.07195,2.49481
gammaLoop,gamma,0.63,7.81561,1.43433,0.67143,0.63,1.63312,1.77571,8.7313
gammaLoop,gamma,2.5,10.8724,0.555637,0.287043,2.5,3.50656,3.52719,0.588509
gammaLoop,gamma,1.5,5.11106,0.973233,0.421917,1.5,2.50772,2.56572,2.31285
gammaLoop,gamma,0.63,9.93432,1.49803,0.300584,0.63,1.63781,1.70376,4.02667
gammaLoop,gamma,2,5.11106,0.973233,0.421917,2,2.9981,3.06058,2.0842
gammaLoop,gamma,1,7.81561,1.43433,0.67143,1,2.0059,2.12489,5.93194
gammaLoop,gamma,2.5,5.40414,1.0297,0.568482,2.5,3.49836,3.57477,2.1844
gammaLoop,gamma,1.5,15.1744,1.92963,0.254998,1.5,2.50246,2.51356,0.443574
gammaLoop,gamma,1,9.93432,1.49803,0.300584,1,1.99839,2.0563,2.89779
gammaLoop,gamma,2,15.1744,1.92963,0.254998,2,3.00168,2.99878,-0.0968324
gammaLoop,gamma,0.63,18.0971,1.03443,0.712611,0.63,1.6345,1.75994,7.67481
gammaLoop,gamma,2.5,5.11106,0.973233,0.421917,2.5,3.50373,3.54892,1.28957
gammaLoop,gamma,1.5,7.81561,1.43433,0.67143,1.5,2.49929,2.59575,3.85942
gammaLoop,gamma,2,7.81561,1.43433,0.67143,2,3.00036,3.08423,2.79506
gammaLoop,gamma,0.63,9.76162,1.6838,0.982038,0.63,1.62766,1.78493,9.66198
gammaLoop,gamma,1,18.0971,1.03443,0.712611,1,1.99436,2.11844,6.22136
gammaLoop,gamma,2.5,15.1744,1.92963,0.254998,2.5,3.50214,3.5045,0.0674008
gammaLoop,gamma,1.5,9.93432,1.49803,0.300584,1.5,2.50035,2.54054,1.60711
gammaLoop,gamma,2,9.93432,1.49803,0.300584,2,3.00059,3.02085,0.675067
gammaLoop,gamma,0.63,11.654,0.79477,0.663087,0.63,1.63501,1.78942,9.4437
gammaLoop,gamma,1,9.76162,1.6838,0.982038,1,2.00513,2.13408,6.43107
gammaLoop,gamma,2.5,7.81561,1.43433,0.67143,2.5,3.50573,3.55474,1.39813
gammaLoop,gamma,1.5,18.0971,1.03443,0.712611,1.5,2.49597,2.59067,3.79421
gammaLoop,gamma,0.63,6.68579,1.47283,0.340982,0.63,1.63398,1.75593,7.46334
gammaLoop,gamma,1,11.654,0.79477,0.663087,1,1.99335,2.13446,7.07911
gammaLoop,gamma,2,18.0971,1.03443,0.712611,2,2.99533,3.07108,2.5289
gammaLoop,gamma,2.5,9.93432,1.49803,0.300584,2.5,3.49355,3.51117,0.504146
gammaLoop,gamma,1.5,9.76162,1.6838,0.982038,1.5,2.50353,2.60793,4.16996
gammaLoop,gamma,0.63,17.5419,0.502424,0.25433,0.63,1.62402,1.70828,5.18791
gammaLoop,gamma,1,6.68579,1.47283,0.340982,1,2.00483,2.09625,4.55997
gammaLoop,gamma,2,9.76162,1.6838,0.982038,2,3.0012,3.0945,3.10881
gammaLoop,gamma,1.5,11.654,0.79477,0.663087,1.5,2.50596,2.61985,4.54485
gammaLoop,gamma,2.5,18.0971,1.03443,0.712611,2.5,3.50349,3.56741,1.82449
gammaLoop,gamma,0.63,14.4814,1.7146,0.264577,0.63,1.62983,1.68142,3.16551
gammaLoop,gamma,1,17.5419,0.502424,0.25433,1,2.00603,2.05496,2.43914
gammaLoop,gamma,2,11.654,0.79477,0.663087,2,3.00388,3.09857,3.15247
gammaLoop,gamma,0.63,16.9792,1.27593,0.295289,0.63,1.62769,1.67628,2.98489
gammaLoop,gamma,1.5,6.68579,1.47283,0.340982,1.5,2.49837,2.57275,2.97741
gammaLoop,gamma,2.5,9.76162,1.6838,0.982038,2.5,3.49782,3.58582,2.51595
gammaLoop,gamma,1,14.4814,1.7146,0.264577,1,2.00573,2.02207,0.814728
gammaLoop,gamma,2,6.68579,1.47283,0.340982,2,3.00928,3.03906,0.989511
gammaLoop,gamma,1.5,17.5419,0.502424,0.25433,1.5,2.51101,2.53629,1.00668
gammaLoop,gamma,0.63,12.8213,0.711313,0.550381,0.63,1.6307,1.77156,8.63804
gammaLoop,gamma,1,16.9792,1.27593,0.295289,1,1.99511,2.03155,1.82629
gammaLoop,gamma,2.5,11.654,0.79477,0.663087,2.5,3.49525,3.57982,2.41934
gammaLoop,gamma,1.5,14.4814,1.7146,0.264577,1.5,2.50342,2.51784,0.576085
gammaLoop,gamma,2,17.5419,0.502424,0.25433,2,2.99915,3.03104,1.06331
gammaLoop,gamma,0.63,12.4897,0.745824,0.635275,0.63,1.63797,1.78781,9.14773
gammaLoop,gamma,1,12.8213,0.711313,0.550381,1,2.00442,2.12274,5.90315
gammaLoop,gamma,2.5,6.68579,1.47283,0.340982,2.5,3.49636,3.52849,0.918917
gammaLoop,gamma,0.63,10.5338,0.602976,0.933296,0.63,1.62578,1.90088,16.9211
gammaLoop,gamma,1.5,16.9792,1.27593,0.295289,1.5,2.51127,2.52019,0.355496
gammaLoop,gamma,2,14.4814,1.7146,0.264577,2,2.99815,3.01349,0.511667
gammaLoop,gamma,1,12.4897,0.745824,0.635275,1,2.00519,2.13487,6.46726
gammaLoop,gamma,2.5,17.5419,0.502424,0.25433,2.5,3.49473,3.526,0.894774
gammaLoop,gamma,0.63,9.24653,1.32066,0.94883,0.63,1.63244,1.79835,10.1634
gammaLoop,gamma,1.5,12.8213,0.711313,0.550381,1.5,2.49842,2.59534,3.87907
gammaLoop,gamma,2,16.9792,1.27593,0.295289,2,3.00794,3.00869,0.0249753
gammaLoop,gamma,1,10.5338,0.602976,0.933296,1,2.01061,2.22271,10.5486
gammaLoop,gamma,2.5,14.4814,1.7146,0.264577,2.5,3.51175,3.50648,-0.150251
gammaLoop,gamma,0.63,15.22,1.08624,0.40445,0.63,1.63497,1.71342,4.79848
gammaLoop,gamma,1.5,12.4897,0.745824,0.635275,1.5,2.5022,2.61209,4.39153
gammaLoop,gamma,2,12.8213,0.711313,0.550381,2,3.00642,3.07314,2.2193
gammaLoop,gamma,1,9.24653,1.32066,0.94883,1,1.99982,2.14874,7.44656
gammaLoop,gamma,2.5,16.9792,1.27593,0.295289,2.5,3.50959,3.48859,-0.598504
gammaLoop,gamma,0.63,14.1952,1.3398,0.339042,0.63,1.63212,1.69496,3.8502
gammaLoop,gamma,1.5,10.5338,0.602976,0.933296,1.5,2.50137,2.68696,7.41945
gammaLoop,gamma,2,12.4897,0.745824,0.635275,2,2.99536,3.1034,3.60703
gammaLoop,gamma,1,15.22,1.08624,0.40445,1,1.99411,2.06377,3.49321
gammaLoop,gamma,2.5,12.8213,0.711313,0.550381,2.5,3.50543,3.57361,1.94474
gammaLoop,gamma,0.63,8.08298,1.59747,0.765164,0.63,1.62692,1.79131,10.1043
gammaLoop,gamma,2,10.5338,0.602976,0.933296,2,3.00232,3.13422,4.39329
gammaLoop,gamma,1.5,9.24653,1.32066,0.94883,1.5,2.48909,2.62695,5.53853
gammaLoop,gamma,1,14.1952,1.3398,0.339042,1,2.00204,2.05024,2.40749
gammaLoop,gamma,2.5,12.4897,0.745824,0.635275,2.5,3.51031,3.57914,1.96094
gammaLoop,gamma,2.5,10.5338,0.602976,0.933296,2.5,0,0,0
gammaLoop,gamma,0.63,17.3946,1.0983,0.85547,0.63,1.63121,1.78246,9.27245
gammaLoop,gamma,1.5,15.22,1.08624,0.40445,1.5,2.50125,2.54075,1.57915
gammaLoop,gamma,2,9.24653,1.32066,0.94883,2,2.998,3.10209,3.47185
gammaLoop,gamma,1,8.08298,1.59747,0.765164,1,2.00279,2.13817,6.75952
gammaLoop,gamma,1.5,14.1952,1.3398,0.339042,1.5,2.49386,2.52604,1.29041
gammaLoop,gamma,2.5,9.24653,1.32066,0.94883,2.5,3.49311,3.59484,2.91236
gammaLoop,gamma,0.63,12.6843,1.79918,0.430336,0.63,1.63361,1.71516,4.99223
gammaLoop,gamma,2,15.22,1.08624,0.40445,2,2.99561,3.04336,1.59396
gammaLoop,gamma,1,17.3946,1.0983,0.85547,1,2.00613,2.13532,6.43974
gammaLoop,gamma,0.63,6.32122,1.92567,0.389307,0.63,1.62892,1.8592,14.1367
gammaLoop,gamma,1.5,8.08298,1.59747,0.765164,1.5,2.49833,2.6011,4.11387
gammaLoop,gamma,2.5,15.22,1.08624,0.40445,2.5,3.50888,3.51521,0.180534
gammaLoop,gamma,2,14.1952,1.3398,0.339042,2,3.00196,3.01527,0.443561
gammaLoop,gamma,1,12.6843,1.79918,0.430336,1,2.00771,2.06268,2.73827
gammaLoop,gamma,0.63,18.9662,1.93593,0.740945,0.63,1.6379,1.71356,4.61975
gammaLoop,gamma,2.5,14.1952,1.3398,0.339042,2.5,3.50219,3.50802,0.166566
gammaLoop,gamma,2,8.08298,1.59747,0.765164,2,2.9967,3.08409,2.91607
gammaLoop,gamma,1.5,17.3946,1.0983,0.85547,1.5,2.50352,2.61546,4.47135
gammaLoop,gamma,1,6.32122,1.92567,0.389307,1,2.00376,2.14538,7.06724
gammaLoop,gamma,0.63,9.62108,1.95115,0.36311,0.63,1.6376,1.74274,6.42032
gammaLoop,gamma,1.5,12.6843,1.79918,0.430336,1.5,2.5087,2.53774,1.1573
gammaLoop,gamma,2.5,8.08298,1.59747,0.765164,2.5,3.4965,3.55782,1.75394
gammaLoop,gamma,1,18.9662,1.93593,0.740945,1,1.9991,2.05838,2.9654
gammaLoop,gamma,2,17.3946,1.0983,0.85547,2,3.00055,3.10524,3.48923
gammaLoop,gamma,0.63,5.20184,1.8241,0.637493,0.63,1.63285,1.90961,16.9495
gammaLoop,gamma,1.5,6.32122,1.92567,0.389307,1.5,2.49895,2.59466,3.83006
gammaLoop,gamma,1,9.62108,1.95115,0.36311,1,2.00398,2.07402,3.49503
gammaLoop,gamma,2,12.6843,1.79918,0.430336,2,3.01187,3.01982,0.264001
gammaLoop,gamma,2.5,17.3946,1.0983,0.85547,2.5,3.49647,3.58686,2.58532
gammaLoop,gamma,0.63,9.14127,1.95932,0.864511,0.63,1.63775,1.79063,9.335
gammaLoop,gamma,1.5,18.9662,1.93593,0.740945,1.5,2.50165,2.55123,1.98202
gammaLoop,gamma,1,5.20184,1.8241,0.637493,1,1.99359,2.20063,10.3853
gammaLoop,gamma,2,6.32122,1.92567,0.389307,2,3.01344,3.05879,1.50483
gammaLoop,gamma,2.5,12.6843,1.79918,0.430336,2.5,3.49984,3.52127,0.612385
gammaLoop,gamma,1.5,9.62108,1.95115,0.36311,1.5,2.49857,2.55016,2.06472
gammaLoop,gamma,1,9.14127,1.95932,0.864511,1,2.00142,2.13197,6.5226
gammaLoop,gamma,2,18.9662,1.93593,0.740945,2,3.01035,3.02978,0.645539
gammaLoop,gamma,2.5,6.32122,1.92567,0.389307,2.5,3.50306,3.54103,1.08383
gammaLoop,gamma,1.5,5.20184,1.8241,0.637493,1.5,2.50303,2.64491,5.66809
gammaLoop,gamma,2,9.62108,1.95115,0.36311,2,3.00492,3.03367,0.956846
gammaLoop,gamma,2.5,18.9662,1.93593,0.740945,2.5,3.50463,3.52563,0.599352
gammaLoop,gamma,1.5,9.14127,1.95932,0.864511,1.5,2.50451,2.60647,4.07098
gammaLoop,gamma,2,5.20184,1.8241,0.637493,2,2.99595,3.10194,3.53782
gammaLoop,gamma,2.5,9.62108,1.95115,0.36311,2.5,3.48908,3.51978,0.879724
gammaLoop,gamma,2,9.14127,1.95932,0.864511,2,2.98981,3.08064,3.03797
gammaLoop,gamma,2.5,5.20184,1.8241,0.637493,2.5,3.50016,3.58098,2.3088
gammaLoop,gamma,2.5,9.14127,1.95932,0.864511,2.5,3.51198,3.56312,1.4561
deltaLoop,delta,0.25,9.40262,1.68253,0.25,1.24105,2.24561,2.27767,1.42783
deltaLoop,delta,0.5,9.40262,1.68253,0.5,1.24105,2.2511,2.31832,2.98626
deltaLoop,delta,0.75,9.40262,1.68253,0.75,1.24105,2.24029,2.35017,4.90491
deltaLoop,delta,1,9.40262,1.68253,1,1.24105,2.2424,2.36638,5.52911
deltaLoop,delta,0.25,13.2171,1.21006,0.25,1.40173,2.40812,2.41571,0.315077
deltaLoop,delta,0.5,13.2171,1.21006,0.5,1.40173,2.38908,2.45531,2.77232
deltaLoop,delta,0.75,13.2171,1.21006,0.75,1.40173,2.39581,2.49542,4.15773
deltaLoop,delta,1,13.2171,1.21006,1,1.40173,2.39985,2.52982,5.41572
deltaLoop,delta,0.25,12.4191,1.34009,0.25,2.2262,3.22468,3.22727,0.08025
deltaLoop,delta,0.5,12.4191,1.34009,0.5,2.2262,3.23308,3.26197,0.893318
deltaLoop,delta,0.75,12.4191,1.34009,0.75,2.2262,3.21469,3.2929,2.43265
deltaLoop,delta,1,12.4191,1.34009,1,2.2262,3.22493,3.32101,2.97926
deltaLoop,delta,0.25,6.11626,1.2389,0.25,1.17129,2.17978,2.23693,2.62192
deltaLoop,delta,0.5,6.11626,1.2389,0.5,1.17129,2.17055,2.27703,4.90588
deltaLoop,delta,0.75,6.11626,1.2389,0.75,1.17129,2.17527,2.30851,6.12527
deltaLoop,delta,0.25,14.23,0.956349,0.25,0.948257,1.94863,1.98358,1.79378
deltaLoop,delta,1,6.11626,1.2389,1,1.17129,2.18103,2.32867,6.76925
deltaLoop,delta,0.5,14.23,0.956349,0.5,0.948257,1.94938,2.02727,3.99523
deltaLoop,delta,0.25,5.75942,0.554039,0.25,2.46537,3.46812,3.4814,0.382997
deltaLoop,delta,0.75,14.23,0.956349,0.75,0.948257,1.95773,2.09193,6.85479
deltaLoop,delta,1,14.23,0.956349,1,0.948257,1.95138,2.13054,9.18085
deltaLoop,delta,1,5.75942,0.554039,1,2.46537,0,0,0
deltaLoop,delta,0.5,5.75942,0.554039,0.5,2.46537,3.47117,3.52608,1.5817
deltaLoop,delta,0.75,5.75942,0.554039,0.75,2.46537,3.46756,3.5248,1.65068
deltaLoop,delta,0.25,17.7744,1.17902,0.25,0.785706,1.79072,1.81824,1.53688
deltaLoop,delta,1,17.7744,1.17902,1,0.785706,1.79847,1.93761,7.73673
deltaLoop,delta,0.5,17.7744,1.17902,0.5,0.785706,1.78824,1.86197,4.12338
deltaLoop,delta,0.25,9.83745,0.810668,0.25,1.96887,2.96056,2.98447,0.807479
deltaLoop,delta,0.75,17.7744,1.17902,0.75,0.785706,1.78421,1.9076,6.91517
deltaLoop,delta,1,9.83745,0.810668,1,1.96887,2.96682,3.10799,4.75845
deltaLoop,delta,1,19.3235,0.585861,1,2.38995,0,0,0
deltaLoop,delta,0.5,9.83745,0.810668,0.5,1.96887,2.95914,3.04041,2.74643
deltaLoop,delta,0.25,19.3235,0.585861,0.25,2.38995,3.39455,3.40507,0.309847
deltaLoop,delta,0.75,9.83745,0.810668,0.75,1.96887,2.97004,3.08224,3.77782
deltaLoop,delta,0.25,13.1527,0.760608,0.25,1.50412,2.50995,2.5175,0.300849
deltaLoop,delta,1,13.1527,0.760608,1,1.50412,2.49931,2.69971,8.01831
deltaLoop,delta,0.5,19.3235,0.585861,0.5,2.38995,3.4001,3.46369,1.87028
deltaLoop,delta,0.75,19.3235,0.585861,0.75,2.38995,3.39669,3.53253,3.99938
deltaLoop,delta,1,19.4213,0.521628,1,1.20687,2.20617,0,-100
deltaLoop,delta,0.25,19.4213,0.521628,0.25,1.20687,2.2071,2.24072,1.52341
deltaLoop,delta,0.5,13.1527,0.760608,0.5,1.50412,2.50488,2.57983,2.99251
deltaLoop,delta,1,7.42829,0.597232,1,1.09284,2.094,2.25495,7.68637
deltaLoop,delta,0.25,7.42829,0.597232,0.25,1.09284,2.09405,2.14885,2.61718
deltaLoop,delta,0.75,13.1527,0.760608,0.75,1.50412,2.51688,2.63299,4.61323
deltaLoop,delta,0.25,5.71922,1.90809,0.25,0.837288,1.83493,1.99337,8.63428
deltaLoop,delta,1,5.71922,1.90809,1,0.837288,1.83448,2.05679,12.1182
deltaLoop,delta,0.5,19.4213,0.521628,0.5,1.20687,2.20997,2.32666,5.28018
deltaLoop,delta,0.75,19.4213,0.521628,0.75,1.20687,2.21096,2.40815,8.91895
deltaLoop,delta,0.5,7.42829,0.597232,0.5,1.09284,2.09615,2.20654,5.26597
deltaLoop,delta,0.25,15.809,1.74412,0.25,2.43438,3.4494,3.43614,-0.384386
deltaLoop,delta,1,15.809,1.74412,1,2.43438,3.43462,3.49284,1.69508
deltaLoop,delta,0.75,7.42829,0.597232,0.75,1.09284,2.09695,2.26277,7.90777
deltaLoop,delta,0.5,5.71922,1.90809,0.5,0.837288,1.83422,2.05255,11.9028
deltaLoop,delta,0.25,12.2306,1.05926,0.25,1.74526,2.74525,2.77794,1.19077
deltaLoop,delta,0.75,5.71922,1.90809,0.75,0.837288,1.84146,2.05436,11.5611
deltaLoop,delta,1,12.2306,1.05926,1,1.74526,2.74569,2.89233,5.34058
deltaLoop,delta,0.25,6.19595,1.5522,0.25,2.1666,3.16616,3.2084,1.33389
deltaLoop,delta,0.5,15.809,1.74412,0.5,2.43438,3.45013,3.44954,-0.0173045
deltaLoop,delta,1,6.19595,1.5522,1,2.1666,3.17207,3.27125,3.12677
deltaLoop,delta,0.75,15.809,1.74412,0.75,2.43438,3.43887,3.46587,0.785006
deltaLoop,delta,0.25,11.1647,1.78098,0.25,0.895247,1.89767,1.94796,2.65011
deltaLoop,delta,0.5,12.2306,1.05926,0.5,1.74526,2.75419,2.78943,1.27942
deltaLoop,delta,1,11.1647,1.78098,1,0.895247,1.89018,2.01995,6.86523
deltaLoop,delta,0.25,9.13126,0.925601,0.25,1.96811,2.97079,2.98066,0.332447
deltaLoop,delta,0.75,12.2306,1.05926,0.75,1.74526,2.74675,2.84232,3.47919
deltaLoop,delta,0.5,6.19595,1.5522,0.5,2.1666,3.16109,3.23148,2.22673
deltaLoop,delta,0.25,12.5129,0.744063,0.25,2.29226,3.29616,3.31721,0.638444
deltaLoop,delta,1,9.13126,0.925601,1,1.96811,2.98167,3.10639,4.18275
deltaLoop,delta,0.75,6.19595,1.5522,0.75,2.1666,3.15566,3.24848,2.94128
deltaLoop,delta,0.5,11.1647,1.78098,0.5,0.895247,1.89945,1.98035,4.25932
deltaLoop,delta,0.25,8.22991,0.902083,0.25,1.8053,2.80622,2.8414,1.25361
deltaLoop,delta,1,12.5129,0.744063,1,2.29226,3.2913,3.44225,4.58641
deltaLoop,delta,0.75,11.1647,1.78098,0.75,0.895247,1.90009,2.01602,6.10148
deltaLoop,delta,0.5,9.13126,0.925601,0.5,1.96811,2.96947,3.03122,2.07949
deltaLoop,delta,0.25,7.87729,1.54059,0.25,0.677615,1.68317,1.77157,5.25228
deltaLoop,delta,1,8.22991,0.902083,1,1.8053,2.79652,2.96215,5.9226
deltaLoop,delta,0.75,9.13126,0.925601,0.75,1.96811,2.97162,3.05988,2.96993
deltaLoop,delta,0.5,12.5129,0.744063,0.5,2.29226,3.2985,3.34736,1.48147
deltaLoop,delta,0.25,18.9315,1.37805,0.25,2.03653,3.03808,3.03101,-0.2328
deltaLoop,delta,1,7.87729,1.54059,1,0.677615,1.6776,1.84578,10.0255
deltaLoop,delta,0.5,8.22991,0.902083,0.5,1.8053,2.7973,2.86652,2.47477
deltaLoop,delta,0.75,12.5129,0.744063,0.75,2.29226,3.29024,3.40732,3.55834
deltaLoop,delta,0.25,11.5661,0.788708,0.25,1.09487,2.09725,2.13118,1.61798
deltaLoop,delta,0.25,10.8724,0.555637,0.25,0.737966,1.72966,1.79155,3.57812
deltaLoop,delta,0.5,7.87729,1.54059,0.5,0.677615,1.67378,1.80706,7.96292
deltaLoop,delta,0.75,8.22991,0.902083,0.75,1.8053,2.81779,2.91187,3.33878
deltaLoop,delta,1,18.9315,1.37805,1,2.03653,3.03298,3.13105,3.23335
deltaLoop,delta,0.25,5.40414,1.0297,0.25,1.6649,2.66542,2.7152,1.86779
deltaLoop,delta,0.5,18.9315,1.37805,0.5,2.03653,3.03847,3.06638,0.918618
deltaLoop,delta,0.75,7.87729,1.54059,0.75,0.677615,1.67674,1.83993,9.73258
deltaLoop,delta,1,11.5661,0.788708,1,1.09487,2.09837,2.29718,9.47455
deltaLoop,delta,0.25,5.11106,0.973233,0.25,0.75997,1.77699,1.84585,3.8749
deltaLoop,delta,0.5,11.5661,0.788708,0.5,1.09487,2.09609,2.17761,3.88898
deltaLoop,delta,1,10.8724,0.555637,1,0.737966,1.73854,2.00599,15.3841
deltaLoop,delta,0.75,18.9315,1.37805,0.75,2.03653,3.0347,3.09,1.82217
deltaLoop,delta,0.25,15.1744,1.92963,0.25,1.70639,2.71797,2.71536,-0.0962727
deltaLoop,delta,0.5,10.8724,0.555637,0.5,0.737966,1.74792,1.87238,7.12016
deltaLoop,delta,1,5.40414,1.0297,1,1.6649,2.67122,2.79614,4.67631
deltaLoop,delta,0.25,7.81561,1.43433,0.25,0.985643,1.99346,2.04561,2.61627
deltaLoop,delta,0.75,11.5661,0.788708,0.75,1.09487,2.09114,2.24488,7.35202
deltaLoop,delta,0.5,5.40414,1.0297,0.5,1.6649,2.6726,2.74273,2.62404
deltaLoop,delta,1,5.11106,0.973233,1,0.75997,1.75777,1.94533,10.6705
deltaLoop,delta,0.25,9.93432,1.49803,0.25,1.74425,2.74418,2.77361,1.07234
deltaLoop,delta,0.75,10.8724,0.555637,0.75,0.737966,1.74152,1.95073,12.0133
deltaLoop,delta,0.5,5.11106,0.973233,0.5,0.75997,1.76115,1.89052,7.34573
deltaLoop,delta,0.25,18.0971,1.03443,0.25,1.03181,2.03278,2.06369,1.52013
deltaLoop,delta,1,15.1744,1.92963,1,1.70639,2.70494,2.78272,2.87539
deltaLoop,delta,0.75,5.40414,1.0297,0.75,1.6649,2.66633,2.76939,3.86516
deltaLoop,delta,0.5,15.1744,1.92963,0.5,1.70639,2.71333,2.73798,0.908446
deltaLoop,delta,0.25,9.76162,1.6838,0.25,1.93071,2.93152,2.95063,0.651869
deltaLoop,delta,0.75,5.11106,0.973233,0.75,0.75997,1.76057,1.92517,9.34941
deltaLoop,delta,1,7.81561,1.43433,1,0.985643,1.98357,2.14614,8.19619
deltaLoop,delta,0.5,7.81561,1.43433,0.5,0.985643,1.98974,2.09026,5.05176
deltaLoop,delta,0.25,11.654,0.79477,0.25,1.11785,2.11854,2.15102,1.53339
deltaLoop,delta,0.75,15.1744,1.92963,0.75,1.70639,2.70297,2.75621,1.97005
deltaLoop,delta,1,9.93432,1.49803,1,1.74425,2.74487,2.84873,3.78395
deltaLoop,delta,0.5,9.93432,1.49803,0.5,1.74425,2.74482,2.80297,2.11826
deltaLoop,delta,0.25,6.68579,1.47283,0.25,2.05991,3.06937,3.09471,0.825665
deltaLoop,delta,0.75,7.81561,1.43433,0.75,0.985643,1.98882,2.11827,6.50882
deltaLoop,delta,1,18.0971,1.03443,1,1.03181,2.03845,2.19838,7.84558
deltaLoop,delta,0.25,17.5419,0.502424,0.25,1.53683,2.54351,2.57336,1.17379
deltaLoop,delta,0.5,18.0971,1.03443,0.5,1.03181,2.03849,2.10984,3.50015
deltaLoop,delta,0.75,9.93432,1.49803,0.75,1.74425,2.74296,2.82045,2.82517
deltaLoop,delta,0.25,14.4814,1.7146,0.25,1.29712,2.301,2.32064,0.853496
deltaLoop,delta,1,9.76162,1.6838,1,1.93071,2.93374,3.01416,2.74149
deltaLoop,delta,0.5,9.76162,1.6838,0.5,1.93071,2.9245,2.97452,1.71032
deltaLoop,delta,0.75,18.0971,1.03443,0.75,1.03181,2.03252,2.15698,6.12378
deltaLoop,delta,0.25,16.9792,1.27593,0.25,1.91684,2.91985,2.92438,0.155146
deltaLoop,delta,0.5,11.654,0.79477,0.5,1.11785,2.11798,2.22142,4.88372
deltaLoop,delta,1,11.654,0.79477,1,1.11785,2.1271,2.31465,8.8173
deltaLoop,delta,0.25,12.8213,0.711313,0.25,1.93056,2.93271,2.96119,0.971178
deltaLoop,delta,0.75,9.76162,1.6838,0.75,1.93071,2.92738,2.99745,2.39357
deltaLoop,delta,0.5,6.68579,1.47283,0.5,2.05991,3.05062,3.12738,2.51596
deltaLoop,delta,1,6.68579,1.47283,1,2.05991,3.0607,3.17278,3.66195
deltaLoop,delta,1,17.5419,0.502424,1,1.53683,0,0,0
deltaLoop,delta,0.25,12.4897,0.745824,0.25,0.941904,1.94634,1.9994,2.72623
deltaLoop,delta,0.75,11.654,0.79477,0.75,1.11785,2.11818,2.26179,6.77985
deltaLoop,delta,0.5,17.5419,0.502424,0.5,1.53683,2.52705,2.64539,4.68296
deltaLoop,delta,1,14.4814,1.7146,1,1.29712,2.29334,2.39625,4.48754
deltaLoop,delta,0.25,10.5338,0.602976,0.25,2.1029,3.10326,3.11964,0.527845
deltaLoop,delta,0.75,6.68579,1.47283,0.75,2.05991,3.06588,3.14487,2.57622
deltaLoop,delta,0.5,14.4814,1.7146,0.5,1.29712,2.30794,2.34473,1.59402
deltaLoop,delta,0.25,9.24653,1.32066,0.25,1.70162,2.6911,2.73603,1.66969
deltaLoop,delta,1,16.9792,1.27593,1,1.91684,2.91891,3.0324,3.88815
deltaLoop,delta,0.75,17.5419,0.502424,0.75,1.53683,2.53892,2.73042,7.54295
deltaLoop,delta,0.5,16.9792,1.27593,0.5,1.91684,2.91744,2.95013,1.12037
deltaLoop,delta,0.25,15.22,1.08624,0.25,2.36436,3.3764,3.35803,-0.544106
deltaLoop,delta,1,12.8213,0.711313,1,1.93056,2.92982,3.10225,5.88524
deltaLoop,delta,0.25,14.1952,1.3398,0.25,0.784833,1.7824,1.82782,2.54827
deltaLoop,delta,0.5,12.8213,0.711313,0.5,1.93056,2.93166,3.00437,2.48018
deltaLoop,delta,0.75,14.4814,1.7146,0.75,1.29712,2.291,2.38382,4.05189
deltaLoop,delta,1,12.4897,0.745824,1,0.941904,1.95012,2.16957,11.253
deltaLoop,delta,1,10.5338,0.602976,1,2.1029,0,0,0
deltaLoop,delta,0.25,8.08298,1.59747,0.25,0.666225,1.67326,1.76621,5.55514
deltaLoop,delta,0.5,12.4897,0.745824,0.5,0.941904,1.93684,2.04274,5.46766
deltaLoop,delta,0.75,16.9792,1.27593,0.75,1.91684,2.91563,2.97903,2.1747
deltaLoop,delta,1,9.24653,1.32066,1,1.70162,2.70453,2.82077,4.29796
deltaLoop,delta,0.25,17.3946,1.0983,0.25,2.16727,3.18069,3.17921,-0.0463642
deltaLoop,delta,0.5,10.5338,0.602976,0.5,2.1029,3.10086,3.17871,2.51062
deltaLoop,delta,0.75,12.8213,0.711313,0.75,1.93056,2.92999,3.04975,4.08733
deltaLoop,delta,0.25,12.6843,1.79918,0.25,1.55332,2.56034,2.5814,0.8225
deltaLoop,delta,0.5,9.24653,1.32066,0.5,1.70162,2.70052,2.76571,2.41399
deltaLoop,delta,1,15.22,1.08624,1,2.36436,3.3597,3.48369,3.69076
deltaLoop,delta,0.75,12.4897,0.745824,0.75,0.941904,1.93584,2.10745,8.86484
deltaLoop,delta,0.25,6.32122,1.92567,0.25,2.03219,3.02039,3.07265,1.7304
deltaLoop,delta,0.5,15.22,1.08624,0.5,2.36436,3.36337,3.39378,0.904245
deltaLoop,delta,1,14.1952,1.3398,1,0.784833,1.78644,1.93037,8.05652
deltaLoop,delta,0.75,10.5338,0.602976,0.75,2.1029,3.10035,3.23055,4.19969
deltaLoop,delta,0.25,18.9662,1.93593,0.25,1.12399,2.12982,2.13666,0.321289
deltaLoop,delta,0.5,14.1952,1.3398,0.5,0.784833,1.78707,1.86013,4.08837
deltaLoop,delta,1,8.08298,1.59747,1,0.666225,1.66878,1.8284,9.56501
deltaLoop,delta,0.75,9.24653,1.32066,0.75,1.70162,2.70744,2.80057,3.43975
deltaLoop,delta,0.25,9.62108,1.95115,0.25,2.10688,3.0985,3.13586,1.20555
deltaLoop,delta,0.5,8.08298,1.59747,0.5,0.666225,1.66443,1.8125,8.89616
deltaLoop,delta,0.25,5.20184,1.8241,0.25,1.47393,2.47289,2.56448,3.70361
deltaLoop,delta,1,17.3946,1.0983,1,2.16727,3.15851,3.29415,4.29459
deltaLoop,delta,0.75,15.22,1.08624,0.75,2.36436,3.35797,3.43372,2.25591
deltaLoop,delta,0.5,17.3946,1.0983,0.5,2.16727,3.17821,3.20021,0.692311
deltaLoop,delta,0.25,9.14127,1.95932,0.25,1.36117,2.35706,2.4026,1.93222
deltaLoop,delta,1,12.6843,1.79918,1,1.55332,2.55665,2.64304,3.37899
deltaLoop,delta,0.75,14.1952,1.3398,0.75,0.784833,1.78745,1.89698,6.12804
deltaLoop,delta,0.5,12.6843,1.79918,0.5,1.55332,2.56285,2.59494,1.25221
deltaLoop,delta,0.75,8.08298,1.59747,0.75,0.666225,1.66969,1.82771,9.46411
deltaLoop,delta,1,6.32122,1.92567,1,2.03219,3.02711,3.14346,3.84348
deltaLoop,delta,0.5,6.32122,1.92567,0.5,2.03219,3.04067,3.09852,1.90267
deltaLoop,delta,0.75,17.3946,1.0983,0.75,2.16727,3.17075,3.24806,2.43842
deltaLoop,delta,0.5,18.9662,1.93593,0.5,1.12399,2.1183,2.15567,1.76441
deltaLoop,delta,1,18.9662,1.93593,1,1.12399,2.12443,2.21103,4.07637
deltaLoop,delta,0.75,12.6843,1.79918,0.75,1.55332,2.54995,2.62962,3.1241
deltaLoop,delta,0.5,9.62108,1.95115,0.5,2.10688,3.10638,3.14526,1.25175
deltaLoop,delta,1,9.62108,1.95115,1,2.10688,3.10669,3.19307,2.78047
deltaLoop,delta,0.75,6.32122,1.92567,0.75,2.03219,3.03744,3.12787,2.97713
deltaLoop,delta,0.5,5.20184,1.8241,0.5,1.47393,2.47729,2.60625,5.20558
deltaLoop,delta,1,5.20184,1.8241,1,1.47393,2.479,2.63302,6.21284
deltaLoop,delta,0.5,9.14127,1.95932,0.5,1.36117,2.36374,2.43416,2.97885
deltaLoop,delta,0.75,18.9662,1.93593,0.75,1.12399,2.1284,2.1817,2.50422
deltaLoop,delta,1,9.14127,1.95932,1,1.36117,2.3692,2.47129,4.30879
deltaLoop,delta,0.75,9.62108,1.95115,0.75,2.10688,3.10661,3.16965,2.02912
deltaLoop,delta,0.75,5.20184,1.8241,0.75,1.47393,2.47037,2.62065,6.0835
deltaLoop,delta,0.75,9.14127,1.95932,0.75,1.36117,2.37046,2.45649,3.62922
